B1,B2,B3,B4,B5,水温,DO,source
1.991222229359575,3.312413879524695,6.881238350487789,4.786863150234261,0.5784330551004735,23.6,5.94,0
3.5201184552883644,4.938840787874257,6.184038824764214,5.91934298516322,0.5573452559334915,17.4,6.06,0
3.2815452846464277,4.9377638226041975,7.118626581461373,6.677500698167562,1.2981740985391172,17.7,7.11,0
1.9167446662650296,3.131819084719617,6.483966512616554,4.58798556333277,0.8711331122710224,23.6,5.94,0
3.79575,4.354,6.202,3.672,1.67275,16.8,8.93,1
2.88825,3.79575,5.83625,4.60425,3.452,20.6,7.52,1
2.466257641181125,3.496851197656813,4.837917033181062,4.9765041115477935,1.1758139869370612,17.2,5.81,0
4.196088091876871,6.528782925647994,10.37446623914545,8.97910632550295,5.23963877689913,25.7,5.76,0
7.06275,7.56875,10.90175,8.4735,5.96825,28.6,7.4,1
5.17075,7.09025,11.14375,8.985,6.763,31.1,5.87,1
2.957,3.54,5.8225,4.255,3.74625,21.2,10.5,1
4.4145,5.17075,7.49725,5.2175,2.9515,19.1,5.62,1
2.0406977121161973,3.292872828220531,6.892887846009748,4.763385373320598,1.8566088499276945,22.6,6.97,0
2.2538850202070053,3.6273474422055823,4.601844908054313,2.296766466296595,0.0057218847795702,16.6,9.12,0
6.72725,7.885,10.756,9.32875,3.375,20.7,7.66,1
3.5730419350666502,5.086573612379902,7.355711007608498,6.610960641719194,3.77787447286469,26.2,4.88,0
1.798937432187202,3.2007116348681315,5.09863667277223,4.756763504670139,0.4689704517099916,17.4,7.73,0
9.03525871879706,11.607450912497498,15.565340925869986,16.640076489774536,6.620985310064802,23.4,4.17,0
2.371714241046694,3.77333713452462,5.810585979586689,5.388271361240669,0.7433877438473865,17.2,7.88,0
3.0725,4.167,6.81525,4.7225,3.17425,24.4,7.2,1
2.1095202860018465,3.424814044252887,7.002320760070597,5.079421813271652,1.8344039364116893,22.6,11.07,0
3.3255,4.772,8.006,6.32575,3.85075,21.4,5.6,1
4.99475,5.41275,7.753,5.75925,3.122,25.1,7.68,1
7.866672532183368,8.761455916706803,10.008627236306731,8.489789218747081,4.084179320532393,13.6,7.61,0
5.21475,5.6685,7.39825,5.2725,3.73525,19.6,9.19,1
0.77075,1.52975,3.2375,2.2145,1.69475,32.2,10.29,1
3.4630044343849478,4.467413081354767,4.702493138030621,3.9422354256041374,0.4137248523567552,23.1,9.9,0
2.551524385824409,3.870418756778213,5.709775473206833,5.051242426212511,0.0873925520363441,15.3,7.54,0
0.17675,0.9825,2.2145,0.28675,0.3335,19.6,7.55,1
2.457024525025812,3.882940617573611,4.686751937499148,2.3062113972549025,0.0311548442003349,16.6,9.12,0
5.39625,6.41375,9.161,6.56775,4.04325,20.5,8.11,1
2.1518075668631487,3.463882709573984,5.2053063592493904,4.516666443905345,0.5530336161295477,15.2,7.79,0
5.86925,7.53575,12.49675,13.143,5.96275,26.2,3.9,1
10.011138063331892,15.295777182798671,23.633930526620222,15.233403733934678,2.058819407830197,16.7,9.28,0
2.594729345924464,4.026394361417316,5.554450279681689,4.7716163097284285,0.4155934635035381,16.0,7.61,0
6.49625,8.06925,11.6855,9.83475,6.4495,32.0,5.3,1
3.95525,4.6125,6.939,4.53825,2.121,16.0,9.57,1
4.41820153085347,6.650527881204749,10.413178622580366,8.938622114039687,4.716158597239321,25.7,5.76,0
5.07175,6.356,9.777,6.642,5.3165,23.4,8.63,1
5.2285,5.86375,7.247,4.2495,2.847,20.7,9.04,1
8.36075,9.9915,13.92675,11.79825,6.9775,24.8,7.94,1
5.1955,6.2735,9.645,8.08025,3.00375,20.8,5.6,1
2.4546438349059176,3.948334471188198,5.853906224312727,4.358118551369087,0.6860482935429413,18.2,9.26,0
2.060896940261697,3.323928908807033,6.915922224107004,4.770697603889299,1.7785936432902325,22.6,6.97,0
2.5445,3.53725,5.94075,4.651,3.18525,23.2,7.59,1
3.729077438672233,5.302872509404045,7.615412251188606,6.88045971794112,3.5088552553205363,26.2,4.88,0
6.02325,6.80425,9.48275,7.95375,3.94975,19.3,8.59,1
3.6690298320815256,5.2895028778715965,8.116379992319509,7.515332199427918,4.697488326090083,26.2,4.88,0
0.3665,2.176,6.4055,4.52725,1.901,30.3,3.71,1
4.1285,4.75275,6.807,5.135,2.82775,26.4,7.34,1
5.1998283598798745,7.35307137349993,10.034835745721889,9.599702278620114,1.1645641964651758,23.0,9.71,0
6.933244112523949,10.0550814227994,14.833187224567892,14.067340977658866,3.904120833621647,17.5,7.59,0
2.960059911959377,4.51073060326795,5.5159015304938,2.773925731748548,0.0007695633454348,17.2,9.01,0
3.1825,3.7765,5.707,3.89475,1.99725,22.5,8.22,1
5.3605,6.6805,10.9595,10.3655,5.608,22.2,6.65,1
3.63075,4.07075,5.9655,3.7105,1.42525,18.3,8.79,1
3.704887750404203,5.328232794375132,7.71568441680258,6.778112343951431,2.6990617398923757,26.3,5.37,0
4.57675,5.59425,8.2975,4.64825,2.4015,16.6,10.08,1
3.966536919604008,5.3237628695230566,6.8128880564485685,6.498014367026308,0.6533052106460473,17.4,6.06,0
2.0082158474705145,3.348638598518784,6.92978744982043,5.02385132095707,2.209668990535951,22.6,11.07,0
4.332986910198243,6.612286807872858,10.45689917840286,8.979426508095177,5.194893155720991,25.7,5.76,0
4.710113970288507,6.764305007031299,9.894292602554495,8.599580691357422,3.0889258773021164,25.9,6.55,0
5.201094469461183,7.507795719442662,10.822905378949132,10.801814512772218,4.264258426569775,18.2,7.1,0
2.6830234396228456,4.041937882314609,4.956161549023833,2.4137455667002645,0.0008464074523571,17.1,9.15,0
1.8397885728816592,3.307474050963043,5.230259522817881,4.480944613051049,0.2033854967165516,15.2,7.79,0
2.9955,4.19725,7.20025,5.77575,3.65,25.4,6.84,1
1.8651105840162303,3.13381648875688,4.735096188749543,4.088399143625988,0.0877815033567823,15.0,8.0,0
4.90675,5.77025,8.37725,6.741,5.34675,21.7,7.37,1
2.865459476197926,4.376439692716371,5.928824040605845,4.901134334086911,0.0484218356815967,15.6,7.33,0
5.3385,6.3835,10.06575,7.82725,2.55275,22.0,7.94,1
12.052732386316722,16.15706134916477,22.28748211517346,23.715508878999916,9.271849811248332,23.5,4.33,0
3.5096333409399034,5.399172833266074,7.344705911706032,4.374636288387236,0.1504009207094515,17.2,9.39,0
2.2350267120954674,3.4380756436755773,6.7498391253663845,5.05606336729555,1.7009227102203264,22.4,4.03,0
4.277,5.608,7.9675,6.7025,5.28625,31.0,7.86,1
3.51525,5.66575,9.7495,7.764,4.948,18.8,6.8,1
4.379867783198766,6.376774023162773,9.594957443651902,8.162246158339237,4.123850503138616,25.9,6.55,0
2.7483575633621005,4.3573128899957485,6.739703782644564,5.851785603541416,0.3859741343137554,17.8,9.68,0
5.91325,7.62375,12.17225,9.14725,7.06825,29.2,6.93,1
3.54825,4.354,6.72725,5.0745,1.7305,19.8,7.46,1
2.5302908760072222,4.146034931711035,5.295517806464495,2.5506411266838014,0.2894903017879732,17.5,9.36,0
4.629,5.5035,7.808,5.91875,3.683,23.1,8.26,1
1.7855,2.47575,4.32925,2.9515,2.572,18.6,9.49,1
2.619842209661296,4.21432553981942,5.81995709193643,4.844316087706492,0.1472078873511729,15.6,7.33,0
5.1845,5.51175,7.26075,4.78575,1.89275,21.9,10.39,1
3.9487781895208505,5.831947141621015,8.885181820468246,7.554622248129057,3.747073088910021,25.9,6.55,0
4.101,5.14325,7.39275,6.03425,4.277,23.3,7.64,1
4.62075,5.575,8.072,7.962,4.29625,18.3,6.96,1
0.867,2.165,6.74375,4.332,3.3695,32.1,6.95,1
4.987540958517678,7.108934786667308,10.493606394464994,9.029079432343332,3.427185180584333,25.9,6.55,0
2.157170008824048,3.509115711780925,7.162247405570047,5.181428212594914,1.3422923961989184,23.8,5.56,0
2.599486555737135,4.318704763271141,6.79188054330464,5.571249563520608,0.2866405226237399,17.8,9.68,0
2.2111376804492,3.716071133481411,5.862484735153347,5.496469144471394,0.6557214193388337,17.4,7.88,0
4.321,5.85825,9.4855,7.09575,2.4235,23.6,5.87,1
3.65,5.0855,8.84475,6.4275,4.651,30.0,5.96,1
3.905319783789756,5.510323621223429,7.357415450185575,7.445788808054287,1.4075277603191425,22.7,10.43,0
2.483609907756529,4.101668733572742,5.672266042167037,4.549171860285759,0.0394716124543825,15.6,7.33,0
5.63825,6.67775,11.50675,11.5535,4.8105,21.8,8.19,1
5.17625,6.35875,11.17125,10.536,4.0515,17.6,9.34,1
3.15873224290428,4.964249580688387,7.384232730825295,6.485982177521013,0.5771865308796208,17.7,7.12,0
1.4995,2.55275,5.45675,3.19625,3.2155,22.9,9.08,1
1.5176739261140255,2.126615696400321,2.1596135462202493,1.9253683493994305,0.606804962394234,22.7,9.64,0
8.11714585842096,9.153271868799512,10.58843613293655,8.9622012545983,4.535414115709068,13.6,7.61,0
6.719,7.93175,10.602,8.32775,3.925,21.4,7.8,1
5.91325,8.4185,15.23575,13.92125,9.1445,33.0,6.87,1
2.4731034489964765,3.889600203216191,6.013367731343431,5.476989219891909,0.8099115188492817,17.2,7.88,0
5.982,6.52925,9.238,5.41,3.2375,32.8,7.84,1
6.4825,7.23875,10.3985,9.19675,4.08175,18.5,7.62,1
4.908560115012946,6.946982534742512,9.278327288888438,7.192280957429401,0.2732749450522861,18.7,8.78,0
7.900032374836439,8.840001356622315,9.8316774015971,8.486667192637759,5.251369871780745,13.6,7.61,0
2.37125,3.17425,6.059,5.069,1.74975,24.1,6.57,1
2.7865,3.7765,6.02325,3.33925,1.86525,16.9,9.3,1
6.03425,8.633,14.44375,14.30625,8.281,30.4,6.78,1
3.27875,3.98275,7.3955,4.49975,2.957,22.9,7.71,1
4.9425,5.542,7.709,6.51,4.80225,20.9,8.1,1
2.0484056627080163,3.3943457944677657,6.951697114851109,4.907744334327049,0.4900548055271909,23.6,5.94,0
1.4105730145190205,2.078268240209108,2.261747726028413,1.967403781770189,0.7365949596236188,22.7,9.64,0
0.592,1.68375,3.38325,2.03025,1.26025,24.1,10.69,1
2.366983874377808,3.777055807588206,5.083090320440198,3.063981877083416,0.0856547926015412,17.4,9.0,0
2.397237994932253,3.9100615228192352,5.359384813459505,2.8777075203447486,0.0039878210074333,17.1,9.75,0
1.681063551699941,3.0335524577670983,4.956770562063218,4.537307458718208,0.73584669368117,17.4,7.73,0
2.3581161777965485,3.767935276993776,4.679873249370514,2.225838809762442,0.0031931750004047,17.1,9.15,0
7.18925,8.40475,10.46175,8.82,6.83725,20.7,7.68,1
2.1380399210971994,3.389289069669724,7.043450830114069,5.012584736928396,1.615524519897239,23.8,5.56,0
3.996354871017593,5.506205935287149,7.005185615992822,6.633948599006607,0.9435373701926928,17.4,6.06,0
1.879,3.738,8.73475,6.09475,5.47325,29.0,8.0,1
3.3255,5.2065,8.27,6.28175,3.716,30.1,5.45,1
1.912,3.727,7.72275,5.3935,2.64625,20.6,6.4,1
2.968,4.7445,8.42125,7.09025,5.07175,22.3,7.38,1
3.397,4.34575,7.2305,5.16525,2.81675,20.3,6.13,1
3.8865,5.388,7.896,5.8005,3.76,20.8,5.81,1
2.1378993996925204,3.610114530232966,5.608214446298353,5.391294274298289,0.7554624721129002,17.4,7.88,0
2.0337762401082524,3.288647502691719,6.751854142285812,4.871584381894297,1.9204656194908707,23.3,9.56,0
3.628,4.05425,6.59525,3.78475,3.26225,31.1,7.33,1
12.559312924488376,16.299236249058737,21.445388824839437,23.19077442619126,10.357743421436195,23.5,4.33,0
5.99575,7.10675,10.2665,7.72275,2.87725,22.1,7.73,1
4.53825,5.39075,7.75575,6.004,2.14025,20.6,7.56,1
2.739940375333418,4.066435244427098,5.018005060629831,2.950506599973269,0.0175387721721065,17.2,9.01,0
2.1547288607696866,3.5590476675556806,5.355183099508086,4.746981686094116,0.2254181350127444,15.6,7.72,0
4.5685,5.6245,8.6495,7.15625,2.8635,17.0,8.76,1
2.4562762924041186,4.070054114093006,5.661213842647894,4.593727647273212,0.0410816330414728,15.6,7.33,0
5.399,5.8885,9.326,8.22875,5.45675,23.5,7.72,1
3.35724019218069,5.024548704119329,7.017278682708569,6.220194822468283,0.732370142699536,17.7,7.12,0
4.70875,5.94625,9.304,7.33225,5.553,19.1,9.76,1
2.447085459260061,3.8082567656799857,5.901617673963608,5.447377799624645,0.9085850926189558,17.2,7.88,0
2.6875,4.046,7.27725,5.40725,4.3925,21.0,3.67,1
5.739429471753799,7.590905755159548,9.74301604082348,9.475170699991388,1.6769953424208093,18.4,7.21,0
6.03975,6.9775,9.128,6.34775,3.2045,20.5,7.42,1
5.67675,6.07275,7.632,5.3715,2.32725,19.2,9.75,1
2.0158841647745427,3.482651704372162,5.336641491267145,4.69103852125845,0.4908877965112225,15.3,7.54,0
2.291716513106798,3.7481770628121063,7.326219263046962,5.320041264842302,1.4598506506651836,22.5,8.02,0
1.5875,2.231,4.08175,2.22,1.20525,25.7,8.68,1
6.0095,7.038,9.9475,8.3745,5.23125,22.5,7.33,1
4.2715,4.97,6.77125,5.36875,2.93775,31.6,7.7,1
2.1402640481311628,3.4525781717506163,7.041633495866387,5.132789979522323,2.0993443275306984,23.3,9.56,0
3.2705,4.05975,5.7345,3.11375,1.4445,22.0,9.28,1
1.8176292888254717,3.1470208829340587,5.12016565988754,4.687570764264913,0.4798876960618911,17.4,7.73,0
1.81025,3.705,8.34425,6.3725,2.67925,23.9,6.29,1
1.34275,2.53075,5.27525,3.243,1.29325,23.1,8.84,1
4.068,5.86925,9.37825,7.32125,6.14425,24.1,7.76,1
8.059946861451316,10.19271861626594,13.762780308424045,14.71161741101196,6.128018323049732,23.4,4.17,0
2.435958370319959,4.037822898015445,5.265301661827014,2.295347059611081,0.3995288478698351,17.8,9.32,0
1.7085,2.20075,4.0295,2.41525,0.889,19.6,9.85,1
9.408538333133452,14.21706556529888,22.061772962234706,14.880937562246414,4.272360931839836,16.7,9.28,0
3.5493625416881462,4.593516575599484,4.973627363884641,4.098528665519482,0.5282717771292341,23.1,9.9,0
2.153219110831683,3.638791335054953,5.532171103008423,4.767713436601822,0.0623567303660899,15.6,7.72,0
5.78125,7.28275,11.17125,10.217,5.6465,23.7,4.64,1
2.5889374158924747,3.9548797770701305,6.065198638980742,5.631286775111979,0.6288031630935935,17.2,7.88,0
4.12025,5.6795,8.7155,6.79875,3.90575,20.7,6.88,1
3.639237298472169,4.8899940056340965,5.497482174298266,4.478244833561293,0.8129494241437091,23.0,9.71,0
1.78,2.58575,5.256,3.7105,2.47575,32.0,5.46,1
1.32075,2.73975,7.456,3.98,0.60575,29.4,5.99,1
2.08706122291665,3.343673514142941,6.91699129148242,4.843915259708092,1.567634863319612,22.6,6.97,0
4.992,5.74275,8.5615,7.9015,3.85075,26.5,6.17,1
5.59425,7.00775,11.50125,8.589,3.36125,20.7,8.62,1
4.933776927918073,6.95318063080981,9.257071508629268,8.170376885247467,0.6565499487847394,18.7,8.78,0
4.93975,6.43025,10.2115,8.5175,4.1285,19.9,7.34,1
4.44475,5.83075,10.7175,9.821,5.56125,26.9,14.37,1
3.9250267727571817,5.622960326768217,7.497640371009116,7.744149387742665,1.3791272410082367,18.2,8.43,0
5.62175,6.719,10.4205,8.5945,6.18275,21.0,7.54,1
1.681212595269956,2.423750793334725,2.5884428516818128,2.35026644791826,1.1966390830203095,22.7,9.64,0
1.5744542759937388,2.2546358386746648,2.385809796251809,2.149948692629334,0.7386629644514218,22.7,9.64,0
1.1411213048985096,2.629632432847464,5.629307327336036,3.312628261123037,0.0886960210563789,13.9,10.67,0
6.39175,6.56225,7.258,5.61625,4.1395,19.2,10.6,1
7.68975,8.33325,9.65875,6.06725,5.55575,23.7,9.71,1
6.20475,7.15075,10.085,7.6595,4.9095,20.9,9.08,1
4.46125,5.6575,9.9365,9.0345,4.36775,16.3,9.91,1
5.93525,7.203,13.32175,13.682,3.55925,22.9,7.7,1
5.179,6.88675,12.93125,12.032,6.81525,29.4,7.49,1
2.9845,4.79125,9.15,6.69425,1.5985,16.8,8.94,1
2.02406124066272,3.4521813245506885,6.905608018142772,5.021799232453784,1.2398369939114442,24.2,5.86,0
6.11675,7.8465,13.704,14.46025,4.63725,26.3,4.19,1
4.59325,6.12775,9.9365,7.68425,5.59975,29.6,4.72,1
4.159085069571193,5.969322617866439,8.2754108605122,8.007938834846394,1.1742107202339054,23.1,9.9,0
3.234383878721019,4.606731861211347,6.412455957468054,5.619156789979666,2.8892756413377536,26.0,5.69,0
5.5805,6.10025,7.70075,5.34125,2.29975,16.2,9.04,1
3.3255,3.99375,6.4385,5.5255,1.824,20.1,5.76,1
1.883371344017113,3.104811309322697,4.701485468190235,3.952985202597264,0.0439774501058787,15.0,8.0,0
4.03225,5.10475,8.18475,5.8995,4.1395,13.2,10.26,1
2.860054467334771,4.450481052169613,5.681951664752138,3.054180366281391,0.0028863150401729,16.9,9.28,0
4.763559552604496,6.856110158200417,9.752707281212716,9.706923055259242,4.199147349646478,18.2,7.1,0
2.590974023096181,3.967711291027127,4.947607276037554,2.4907013933326305,0.0151094127928134,17.1,9.15,0
2.4296293961361237,3.989122536388354,5.567097537007386,2.916104094043957,0.0032794537970475,17.1,9.75,0
2.160200052393077,3.621392352092568,7.376651038967101,5.438947423557799,1.1120744508674785,23.8,5.56,0
3.07525,4.85175,8.97125,7.34875,1.99725,21.9,6.73,1
2.53075,3.40525,6.6695,5.4705,3.12475,22.8,6.46,1
5.06075,6.35325,9.22975,7.412,6.08375,29.4,6.5,1
2.073468596573958,2.9358668700265147,3.879108561075445,4.002777502767132,0.9870565474939824,17.2,5.81,0
4.16425,4.84625,7.06275,4.5905,3.80675,25.1,7.45,1
1.5435,3.6555,7.76675,5.289,4.53,32.5,6.38,1
3.1294844010151266,4.689250628375199,6.099752212813471,5.5798436598533785,0.4308454973632585,17.4,6.06,0
5.57225,6.92525,9.9915,7.4395,5.64925,21.0,8.36,1
6.136,7.60175,10.93475,7.84375,7.0545,24.0,8.68,1
2.336479098407496,3.971149561490461,5.6068109682898495,3.084485433022304,0.1733419670569079,17.8,9.68,0
12.778617091475438,16.107603130928723,21.08150557067688,22.81228678393696,11.851004777189203,23.5,4.24,0
2.180002767805584,3.628092427144217,4.905135084590999,2.898532598986011,0.0162622991704478,17.4,9.0,0
2.796285055519609,4.37272209778757,5.523813116554237,2.7113595741414667,0.001898945146921,17.2,9.01,0
3.982764199202454,6.519709059668453,12.015430198722216,9.983758029200562,4.47868746386097,26.6,5.52,0
2.5105414253026552,4.134857663310251,5.36309052149384,2.5494803221257536,0.084911725027817,17.5,9.36,0
2.4455,4.00475,7.7035,4.79125,5.09925,28.6,7.47,1
6.549275331146813,9.2451193770902,13.529519727446022,12.408090323027466,2.3743473977544007,17.5,7.59,0
3.975672438629714,5.873454598198799,9.008216390510013,7.602587608427701,3.2946860890293346,25.9,6.55,0
3.1055,3.43275,3.595,1.54075,1.54625,26.6,8.1,1
3.678030046147772,5.380381822755457,7.859905258417953,6.937452431668443,3.914087619475513,25.6,6.54,0
3.2512188630192838,5.1281647246714295,7.564281593436181,6.549447603190313,0.7116970902272725,17.7,7.12,0
3.1055,3.74075,6.22125,3.584,2.24475,18.3,8.42,1
2.77,3.49325,5.17625,3.63075,2.38775,20.6,8.92,1
3.3942735863041635,5.292501753283225,7.205994535705517,4.313242526878521,0.1407900202525739,17.2,9.39,0
5.50075,6.83725,9.32325,8.6275,4.63725,15.4,12.62,1
2.484600544971572,4.118695294247176,5.3522885235546624,2.656450764061621,0.4312910776002093,17.5,9.36,0
3.3121985289724662,4.854604211409525,6.508185344591279,5.740245679989217,1.0214089370082076,17.7,7.12,0
2.1815,2.99,5.2285,3.92225,2.09075,19.3,9.17,1
3.056,4.45575,7.621,5.61075,4.266,31.5,5.76,1
0.7405,2.649,6.906,5.31375,3.1165,20.6,7.0,1
2.1100349793550324,3.50962640202843,4.895768065851797,2.825997509226584,0.0003930523214942,17.4,9.0,0
2.149918759681013,3.6508697425501615,5.7481495675554966,5.42535920748688,1.0294691361882051,17.4,7.88,0
5.958583291726789,7.987830848900943,9.84735401587589,9.75684405548587,2.5602110135583027,18.4,7.21,0
0.768,2.0275,4.739,3.166,1.02375,20.4,10.5,1
3.6354492506494,5.350805540728151,7.494939978152596,6.968809999219651,2.573175824748076,17.7,7.11,0
5.74825,6.73275,9.23525,7.10675,3.1715,16.1,7.26,1
5.15975,6.257,9.03175,7.3515,1.85975,20.0,6.33,1
3.2684953490359065,5.076954191397324,7.492117841499181,6.542410642011743,0.7731868423366745,17.7,7.12,0
0.7295,2.4125,6.92525,4.607,2.11825,20.2,9.82,1
2.61875,3.91675,6.6365,5.0525,2.132,16.4,8.61,1
0.801,2.7095,6.95275,3.86175,1.53525,15.5,10.21,1
4.343,4.75825,8.31125,5.443,4.46675,23.8,12.32,1
0.03925,1.1805,4.32375,2.759,0.79825,18.8,7.78,1
2.385,3.70225,7.03525,5.00025,3.7545,20.5,8.24,1
5.223,6.488,9.75225,8.4185,2.64075,22.8,6.13,1
5.20375,6.34225,9.469,7.1975,2.31075,18.2,8.23,1
2.515995731967361,4.082097858837944,5.385683715492175,2.6410932714174,0.0011414403756336,17.2,9.01,0
2.1877959151911743,3.5848934249854687,4.874120699078099,2.8469132758985585,0.0183512706173225,17.4,9.0,0
2.425205739945814,4.0363022062460425,5.24336308152859,2.5772059024211558,0.0002040315123093,17.2,9.01,0
2.766560695510442,4.335828353089292,5.568943023036461,3.048772613440627,0.0497053239151106,16.9,9.28,0
2.1449279412901365,3.534353422390501,7.248802011571942,5.255822576794497,1.3845985503611815,23.8,5.56,0
2.023294504733595,3.3023808059079576,6.856779791277972,5.021335315165975,2.1439387827289225,22.6,11.07,0
0.4545,1.6205,4.1835,2.8305,2.28325,23.5,8.08,1
4.951732056669363,7.130196520922245,10.261309679330356,10.159707170042669,4.017708329666951,18.2,7.1,0
4.508,5.29175,8.0775,6.62275,1.857,20.0,7.85,1
4.16975,5.74825,9.2985,6.28175,5.31925,27.3,8.75,1
2.3088730099008594,3.7143670814102183,4.630067933671763,2.1600944610548045,0.0022844936445693,17.1,9.15,0
2.4506062316544384,3.8194216841081374,4.682381867813714,2.314550979430304,0.0041227377443767,16.6,9.12,0
4.34575,5.24225,8.05825,6.10025,3.5455,22.2,9.04,1
2.530638035344687,4.243350567682609,5.529507997474083,2.5773508140966057,0.5157351298646486,17.5,9.36,0
2.174133379956509,3.4853698149927386,7.070022587261431,5.067066175204261,1.339325831336255,22.5,8.02,0
0.54525,1.978,5.124,3.9305,2.858,20.6,5.33,1
2.053861898947312,3.3624670478888503,6.898138973744687,4.992806502760482,2.184049702925164,23.3,9.56,0
2.585945623759852,3.897760115385,4.711899788496347,2.314718078590252,0.0044124876100802,16.6,9.12,0
2.2477147163536126,3.771946914475016,5.612588904178744,4.84395259922166,0.3170464948494422,15.6,7.72,0
1.948675339984934,3.245189534850595,4.925849715475034,4.288726963552225,0.8716561624346192,15.2,7.79,0
2.0895743330727536,3.473818158538606,7.084937708827711,5.096027331176325,1.1646876560216954,22.5,8.02,0
5.75925,6.90325,9.95025,7.214,3.93325,30.4,6.44,1
6.466,7.324,12.12825,11.328,4.51075,22.8,7.04,1
12.738295184704032,16.325736950439186,21.67843345870716,23.87610283339904,10.54617485955082,23.5,4.24,0
4.69450657995317,6.881852583526449,10.116507177273784,9.952793725954567,2.9403393376702667,18.2,7.1,0
1.7566954542178683,3.112490159253014,5.0563179275364645,4.613280898796599,0.4961711778891727,17.4,7.73,0
5.003,5.773,8.81175,7.2635,2.055,20.7,6.85,1
5.53925,6.653,9.07575,7.082,4.0625,18.7,7.86,1
7.52475,9.46625,13.71775,12.40875,9.018,30.8,6.07,1
2.5030002378821306,4.02904566886581,5.6898255735685614,4.667206249317874,0.1213296933606193,15.6,7.33,0
3.6005,4.244,5.971,3.738,3.298,13.9,9.1,1
7.77775,9.0125,15.277,13.858,4.41725,17.1,9.42,1
5.553,6.61725,9.4085,6.54575,3.375,15.9,10.24,1
3.96075,4.86,6.74925,5.04425,3.617,23.2,7.22,1
2.52525,3.1495,5.7565,3.72425,2.2145,17.2,10.35,1
2.96525,4.7335,8.88325,5.586,3.3035,22.3,9.47,1
9.397302115188536,14.282797990642957,21.59820083807997,15.13675573824194,1.549254742289977,16.7,9.28,0
0.042,1.417,3.386,0.23175,0.6745,30.2,8.02,1
6.4385,7.12325,9.161,6.818,3.6005,19.9,8.96,1
5.737019952574764,7.645242847780876,9.421124936390466,9.0767938553877,2.537035228003844,18.4,7.21,0
4.046,5.02775,7.01325,3.7435,1.68375,20.7,7.98,1
4.23575,5.2945,8.13525,6.1305,4.46125,19.2,9.54,1
3.390909221840222,4.894630418955981,6.484405439307686,6.152003247613196,2.7996997474474035,17.7,7.11,0
3.420161151828815,4.741708152544343,6.360248720361156,5.619795249569493,3.183007651823472,26.0,5.69,0
2.44732444511888,3.5920314761321226,4.997579721025641,4.309603396956928,2.791386636468873,26.0,5.69,0
2.433845055128883,3.8660007021886673,5.936244929385668,5.518400805528083,0.994504060555238,17.2,7.88,0
3.999937584707365,5.699768733259486,7.664780203027864,7.791571890507656,1.1130257093826226,18.2,8.43,0
2.1658077105418765,3.5739541743194687,7.209627072704461,5.155772224197807,1.4165753025720984,22.5,8.02,0
2.594,3.7985,6.77125,5.02775,4.02125,21.1,6.52,1
5.41275,6.60075,9.2325,6.0315,3.331,31.1,6.18,1
3.5059232992788125,5.627798438906636,9.984367612458142,8.794294015601087,2.925932241694518,26.1,3.56,0
2.416982936515646,3.937348055715995,5.517219094776357,3.0265635702619083,0.110318781564881,17.8,9.68,0
0.87525,2.99,7.83,6.862,0.713,23.0,6.57,1
0.08325,1.0705,5.8995,3.3255,2.59675,27.0,6.43,1
4.86275,6.829,12.901,12.0925,5.73175,25.9,6.88,1
5.17075,6.84,10.51675,7.51925,4.37875,33.2,3.64,1
4.7225,6.147,9.43325,7.81625,5.861,22.5,9.1,1
2.22825,3.177,4.91225,3.496,2.07975,19.9,6.49,1
0.9827816204244958,2.469089292489306,5.41322096640681,3.343875827838895,0.0781290694836511,13.9,10.67,0
0.81475,1.67275,3.089,1.56,1.50225,16.1,7.99,1
7.852928965786431,8.645971489814809,9.935766026242124,8.277407192235863,3.553329433955389,13.6,7.61,0
3.4000711763145253,5.5490619687538505,9.88865931349434,8.642515587719547,2.558056070822312,26.1,3.56,0
1.9277975661712203,3.267771287413425,6.792260232079653,4.770506725454299,0.5804834305935207,23.6,5.94,0
0.46,1.97525,5.278,2.26125,0.2125,25.9,5.22,1
0.37475,1.57925,4.58775,2.77275,1.87625,18.9,4.34,1
5.77575,6.323,8.44875,5.6135,1.90925,20.6,8.44,1
0.2675,0.5645,2.53625,0.9275,1.04025,32.8,6.58,1
3.38325,3.7655,5.52,3.6665,1.27675,19.8,8.96,1
0.57825,1.835,5.982,2.836,1.1365,27.8,7.0,1
4.47775,5.036,7.3185,5.58325,3.243,24.4,7.81,1
13.537213359363164,17.253091296164634,22.981505370237716,25.25792410718445,10.36040674468864,23.5,4.24,0
1.483,2.48675,3.859,0.17125,1.18875,32.4,8.25,1
2.639803983100659,4.020230063716705,5.203266265548288,3.1699198337544843,0.1157619394108674,16.9,9.28,0
3.9745,5.2175,8.74575,8.69625,2.75625,16.6,8.24,1
7.77775,9.0125,15.277,13.858,4.41725,17.1,9.42,1
3.363548762739938,4.9631725035092105,7.388366840771192,6.485665926646257,3.5825646166412057,25.6,6.54,0
4.079006880071983,6.037905325374754,8.878694054407115,7.661832166450033,3.89830853008082,25.6,6.54,0
5.9875,7.38725,11.592,10.14,5.11575,31.9,4.57,1
12.263612373013506,16.068975331581,21.05006245064948,22.730835591881988,10.245870027845465,23.5,4.33,0
4.126267026914979,6.670538003374388,12.081480662331929,10.12574154896757,4.036592125409884,26.6,5.52,0
4.332,5.35225,8.0115,5.5915,3.93875,20.4,9.74,1
1.43075,2.2805,4.563,2.70125,1.681,17.5,10.18,1
3.1730606896079374,4.958775579339886,7.426765723909907,6.44686494847737,0.6042720415915147,17.7,7.12,0
2.935444234024857,4.406015662998622,5.81805272992162,4.752069107842036,0.0518027204339292,15.6,7.33,0
6.9335,8.292,11.779,11.3225,7.7145,27.5,4.65,1
3.3145,4.7115,7.60175,5.949,3.7105,20.6,7.34,1
2.3382076107839627,3.596999994339204,5.761405729773871,4.955554092597426,1.2829693311577632,18.2,9.26,0
4.332,6.037,9.2105,7.05725,3.96075,20.6,7.07,1
1.47475,2.253,4.255,2.2035,2.01925,23.1,8.78,1
0.75425,2.1155,6.224,0.44075,4.10925,24.7,8.86,1
7.61825,9.10875,13.0385,9.7385,8.49275,26.5,7.46,1
1.2882597255220758,2.657235369486298,5.517458554772751,3.3553614593419314,0.2298510278922636,13.9,10.67,0
5.2945,5.74825,7.59625,6.0755,3.70775,18.5,9.01,1
6.55675,7.70625,12.57925,11.9,5.42375,20.4,6.39,1
1.214585827282674,2.6406949153736345,5.527536807188977,3.284479342490547,0.2052101284212606,13.9,10.67,0
1.7292388909608576,3.1334008766903425,5.0804510191055625,4.6547537483500605,0.5672171657714883,17.4,7.73,0
6.19925,7.8465,12.40875,12.703,5.4155,31.8,5.08,1
2.3419702918803247,3.3680947529690144,4.793213375045894,4.924448570436194,1.325992541692068,17.2,5.81,0
2.648066278799476,4.207029639636331,5.762028077094971,4.705863254001788,0.1322129224065808,15.6,7.33,0
3.793005553899914,5.826238124474861,10.16658215542879,9.153140163343904,3.637972049419771,26.1,3.56,0
3.397427972632359,5.532387856268032,10.095926689852414,8.748870903301453,2.818633862723151,26.1,3.56,0
5.565184282000104,7.341450612711476,8.944376982967523,8.646026160713157,2.5557546497851744,18.4,7.21,0
3.2265,5.0305,10.88525,10.51675,6.1305,29.9,8.08,1
2.9665005184862374,4.594805496287639,5.55431584126547,2.9039969472063825,0.0086953492614992,16.7,8.85,0
4.20275,5.24775,8.42675,7.44225,5.553,18.4,7.36,1
12.773137243828046,16.935090349042568,23.098085916682415,24.66586582536108,9.935418505647943,23.5,4.33,0
2.4254975017599385,3.859852014308664,5.363790433240467,4.650550235751737,0.1847311258890312,16.0,7.61,0
3.4793362186786907,5.180392108818953,7.44629459483444,6.575016774628975,2.3794183727422764,26.3,5.37,0
5.96825,7.24425,10.31325,8.16825,5.91875,29.9,6.97,1
2.3685,3.28425,5.883,4.3705,2.49225,25.8,6.26,1
1.968678652896159,3.18422821983029,4.7912230059648095,4.101668279375471,0.0346094905753184,15.0,8.0,0
2.429,3.298,5.685,4.068,3.64175,19.8,11.05,1
3.859,4.409,6.83175,5.31925,4.12025,31.9,7.64,1
3.43,4.16975,5.64925,4.30725,3.5895,21.2,9.74,1
1.84875,2.73975,5.02225,2.71775,2.33825,20.0,9.36,1
2.124667310482514,3.5469913025927937,4.47349847554327,2.153385723365064,0.0026806684720522,17.1,9.15,0
2.089407287666149,3.5404359567609425,4.891112338418783,2.8472408095145454,0.0020640795486145,17.4,9.0,0
4.09825,5.19825,7.313,5.3055,4.0625,25.6,6.9,1
5.27525,5.49525,5.696,2.84425,2.2145,19.7,9.34,1
2.55628059418879,4.010375630073447,6.174878172490718,5.587564405495343,0.6390285087094385,17.4,7.89,0
3.4176908772100294,5.207785130088811,7.464832228683552,6.510521289833205,0.8108289746014611,17.7,7.12,0
3.64673087293978,5.336432496943864,7.641735203145435,6.767032583035378,2.5901362075532632,26.3,5.37,0
10.453524678523872,15.68987236723188,24.0871878839264,15.219872906959196,1.976271383922936,16.7,9.28,0
2.5255059749745574,4.147520239952194,5.310908181046148,2.643690925534328,0.0008763546825044,17.2,9.01,0
4.506485551385157,6.684903112551935,10.277175565709072,8.91181194989459,4.997667777962447,25.7,5.76,0
5.657169764222736,7.587722539732921,9.460158952987358,9.284342986081288,2.500969913247708,18.4,7.21,0
2.241259751967576,3.5556698075423654,7.22300358363579,5.177824439574227,0.6554873055335975,23.6,5.94,0
1.10075,2.08525,5.52,2.5005,3.34475,32.9,11.4,1
4.3062987665307855,6.4308504168222855,9.50943433667677,8.127569869153481,3.104641903541696,25.9,6.55,0
2.884640124330056,4.391326407225958,5.639104220379886,2.945928761870581,0.0028493856692131,16.9,9.28,0
12.482486156663654,16.36498769973263,21.847318216652464,23.70469112585129,10.09542438144791,23.5,4.33,0
1.861966044709528,3.137911601591398,6.434957442150719,4.739920300301589,2.3665077374843477,22.6,11.07,0
3.804,5.289,9.084,6.1965,2.0165,18.8,9.4,1
2.817634498875874,4.344844204525367,5.895454387177834,4.904753658043985,0.1262014755059111,15.6,7.33,0
1.516,2.715,5.92425,4.6455,0.141,18.8,6.69,1
3.654835334654744,5.183221436823778,7.601929555649546,6.808045939511929,3.7775262010785062,26.2,4.88,0
2.748,4.4695,8.7265,6.98025,2.352,22.0,6.84,1
0.2455,0.9605,2.748,0.96325,1.2685,25.5,7.72,1
2.58427093317038,4.01754061789358,6.217383826690093,5.027339409873058,0.3582107344177762,18.2,9.26,0
3.023891535311275,4.401802456996644,5.693191896803276,5.630159618885532,0.5376131779555932,17.4,6.06,0
5.69325,6.5925,9.953,9.17475,4.9095,19.1,7.62,1
0.74875,1.76075,4.34025,3.122,1.307,19.2,9.65,1
4.21375,4.387,5.99025,4.18075,3.47125,19.7,11.17,1
4.57675,5.59425,8.2975,4.64825,2.4015,16.6,10.08,1
1.89825,2.86075,6.202,3.92775,3.001,14.8,10.33,1
4.508,5.597,8.11875,6.95,3.881,18.0,6.06,1
5.209582440215894,7.586295264072465,10.999939530653098,11.109154620545814,4.38160175773535,18.2,7.1,0
4.18075,4.574,6.3175,4.1175,1.76625,19.5,10.75,1
5.525164622460418,7.244594161757798,9.528855821117537,9.184490606457418,1.4727775383960815,18.4,7.21,0
5.87475,6.961,11.78175,11.647,4.2935,22.8,7.35,1
4.6235,6.015,9.90625,7.20575,2.87175,25.0,6.33,1
2.6739518285383785,4.195201907443897,5.41821888426031,2.8631235542794498,0.0078191977260389,16.9,9.28,0
7.01875,8.36075,12.63425,9.579,4.75275,30.3,7.62,1
4.96175,6.34775,9.5185,7.7695,3.0615,19.3,7.08,1
0.3665,2.00825,6.356,4.255,1.956,19.9,9.63,1
4.506147131473425,6.646715413104963,9.923847187153932,8.739513431869462,4.511731282442261,25.6,6.54,0
1.10625,1.89,5.24775,3.276,2.726,23.8,6.21,1
2.2306597671256045,3.628891687446045,7.030736065677414,5.251000919690201,1.2500479935274824,24.2,5.86,0
6.95825,8.12975,10.76975,9.70275,3.683,24.6,5.12,1
2.522831009794202,3.9502756085354704,5.421292556077876,4.663402504258542,0.1895082706900893,16.0,7.61,0
2.101653644677444,3.5432211394228106,4.813364205553109,2.757544276274599,0.013171286770422,17.4,9.0,0
2.44,4.19175,8.193,7.291,3.15225,21.2,6.4,1
6.930421365750047,10.064414399606658,15.09016260871579,14.291268639823825,3.772542104413403,17.5,7.59,0
3.0089011382994544,4.556504623761103,6.047126287143284,5.48656848386856,0.3176857566829326,17.4,6.06,0
2.589743152919138,3.9278440999556863,5.441265892679396,4.51569228878944,0.1601250912242102,16.0,7.61,0
2.2130780549135167,3.564081708643113,4.836073212341798,2.8343871282695443,0.0229984248410973,17.4,9.0,0
1.59025,3.5015,7.91525,5.09925,1.428,20.8,7.62,1
2.385816360635597,3.6987767537307104,4.6053075731640725,2.332895844911089,0.0366944216608666,16.6,9.12,0
3.76825,5.02225,7.753,5.66575,2.31625,26.5,3.63,1
2.725177756653632,4.288314021716376,5.510327559559334,2.9174649660174823,0.0094094440707656,16.9,9.28,0
5.234,6.29275,8.41025,6.6915,3.815,19.7,7.98,1
1.263,3.68025,9.57625,6.455,2.4125,22.0,7.11,1
3.631901636573625,5.358065420517284,7.422095164422029,7.374421646887118,1.412406227291395,22.7,10.43,0
0.58375,1.66725,5.06625,2.9625,1.8845,28.4,7.89,1
4.974228451301791,7.186580254125937,9.658153679106986,8.236455455663343,0.3341355977324165,18.7,8.78,0
1.912097113396953,3.1661096327335274,6.437462228553446,4.822008573364535,1.5421617386662,22.4,4.03,0
1.863085083913393,3.109011302718854,4.69515883395704,4.000788508149674,0.0227154265807208,15.0,8.0,0
2.211705491785838,3.2547988349169588,4.719891108549642,4.78379765509367,1.0591618958436484,17.2,5.81,0
4.574,5.34675,7.82725,4.871,2.39875,18.5,8.9,1
1.0265,1.56825,3.7105,2.49775,1.68925,32.8,4.51,1
3.408,4.387,6.14425,4.15875,2.53625,25.4,5.97,1
2.77,4.42275,7.81625,5.24775,1.7745,23.5,6.03,1
2.0385,2.9735,5.52,3.87825,2.51975,33.2,2.73,1
2.1698605670681586,3.68310003291946,5.833177958744925,5.425834360448857,0.8507024123545996,17.4,7.88,0
5.23675,6.35325,9.92,8.5285,6.477,30.8,6.78,1
5.432,6.06725,7.62925,4.618,3.35025,15.2,10.42,1
9.397328932564642,14.274217332193928,22.22631920154242,13.903433160577764,0.9605691830884748,16.7,9.28,0
4.9865,5.3055,6.8015,4.7225,3.232,13.3,10.24,1
2.568259176730643,4.18702036932314,5.309193208123488,2.656126200563972,0.0025610682157129,16.7,8.85,0
2.787178100868681,4.330854616650969,5.787946908518895,2.978953903504924,0.0069146214689369,17.1,9.75,0
3.781815953956345,5.55711580104466,7.515985872581866,7.485791711452404,1.3227416367653595,22.7,10.43,0
2.118226582024384,3.561038152874669,7.123979692762029,5.181834235737803,1.229152151483009,22.5,8.02,0
3.661,4.45575,6.68875,3.617,2.88,29.0,7.39,1
4.32925,5.11025,7.1425,4.695,3.08075,21.2,8.4,1
5.02225,5.91325,8.44875,6.58975,2.2805,16.8,8.6,1
2.144900190118489,3.518360063303329,7.258700830857504,5.230969248186224,1.3862582951228508,23.8,5.56,0
5.03875,5.9875,7.91525,6.49075,2.7865,20.3,9.32,1
0.16575,0.7955,2.4785,1.373,1.55725,32.3,7.49,1
2.03575,2.63525,6.444,3.4355,2.8965,32.9,6.36,1
3.458239149782376,5.087075920862678,7.380584097013505,6.507989386769818,2.092031235277283,26.3,5.37,0
3.074756480870016,4.698002071570239,5.820435718358809,3.0048328017921966,0.0070021565528304,16.7,8.85,0
4.355311845095162,6.592479174625633,9.505476227046348,9.225275338344751,1.3186868306099433,23.0,9.71,0
2.531121474061495,3.9511656558001698,6.01417214461757,5.542826132520986,0.5949269562468139,17.2,7.88,0
3.676009000406111,5.332891295361311,7.461734372767065,7.056624287248864,2.4015152348474755,17.7,7.11,0
1.527,2.29975,5.6025,2.68475,1.934,23.5,7.61,1
1.1694857123934814,2.578723489827557,5.635838236499045,3.22199706032129,0.0558852724500862,13.9,10.67,0
3.522153261517265,5.2986089837924535,7.215863119806384,4.502150406753045,0.5889035227933211,17.2,9.39,0
9.105926587107078,13.875245500049758,21.120312510478627,13.642469006096622,1.2884820610966756,16.7,9.28,0
7.229807595774064,10.326866646070512,15.15923002505192,14.364884628328236,3.5611119219542955,17.5,7.59,0
2.52525,3.68025,6.3725,4.30175,1.5435,14.3,8.87,1
2.1470300085199643,3.5335956891545024,7.003706284601901,5.101140857759291,1.0956060679959607,24.2,5.86,0
1.1145,3.71325,9.711,6.5815,6.4385,33.0,6.17,1
1.22725,3.0175,6.10025,3.71875,1.98075,26.7,6.93,1
6.323,7.764,10.80275,7.852,3.078,17.3,8.52,1
4.772,5.68775,9.11975,6.85925,5.212,16.6,8.77,1
4.57675,5.65475,7.9785,6.67775,3.40525,19.8,8.9,1
7.1535,7.73375,9.57625,8.039,6.03975,21.8,7.65,1
5.6465,6.5815,9.18575,7.4835,5.47875,33.2,6.46,1
3.364,3.991,7.192,4.90125,4.01575,32.6,6.8,1
4.36225,5.68775,8.8695,7.731,4.03225,19.6,8.05,1
4.271125419904385,6.274420750923167,9.348172465090771,8.039475425363912,4.242675448550722,25.6,6.54,0
8.00325,9.32875,12.604,11.163,6.7465,31.0,4.57,1
4.31825,5.92975,9.42225,7.137,5.8115,24.3,8.2,1
4.398,5.487,8.39375,5.06075,2.308,23.9,8.35,1
3.474,3.9855,6.1195,3.79025,2.9185,18.1,9.75,1
2.6435,3.034,5.04975,3.287,2.5225,15.6,9.78,1
3.864795259405875,5.594789806789379,7.658353803346332,7.214318014257072,2.565376313016788,17.7,7.11,0
2.6457571441436816,4.098055714380103,6.2686372091140345,5.554287963773077,0.3303216435714843,17.4,7.89,0
3.837,5.29725,9.161,6.29275,5.86375,31.3,7.68,1
4.3485,5.608,8.15175,7.4945,4.74175,18.8,4.99,1
5.505468943258562,7.399641119543362,9.396708460377663,8.997153565975205,2.1480950203458518,18.4,7.21,0
2.4044813526879505,3.760724872124536,4.67534130539359,2.3553293883653845,0.0208092245429036,16.6,9.12,0
12.865463633646668,16.378204850055663,21.49106888213043,23.47306363699385,11.427690013895036,23.5,4.24,0
2.6863994954715738,4.269129861167528,5.80348969052001,3.019407643226906,0.0705770281441771,17.1,9.75,0
2.168252876157013,3.519918562025875,5.403879926548601,4.711492916182622,0.4409963790859582,15.2,7.79,0
2.479448233879704,3.5068069790044536,4.822709727360906,5.000235834226191,1.0676273035693489,17.2,5.81,0
1.0045,1.714,4.1615,2.528,1.59575,32.0,6.99,1
3.98825,5.68775,10.07675,7.2745,4.739,32.3,4.6,1
5.0415,5.63825,6.389,3.09725,2.40425,19.7,9.27,1
3.392279670399198,5.092752947806954,7.313865293151298,6.996293217335865,2.2065157176335246,17.7,7.11,0
4.3265,5.69325,9.11425,7.90975,2.63525,17.1,8.04,1
3.3585,4.43375,7.027,5.982,2.54725,17.4,6.33,1
7.4175,8.2865,12.813,12.06775,5.78125,28.1,8.09,1
2.62975,3.7325,6.07,4.31275,2.979,20.7,8.91,1
3.79025,4.4145,6.367,4.07625,3.18525,24.0,9.06,1
2.5335974547511744,3.90451106860451,5.954015153208172,5.410798516224547,0.2497246539533702,17.2,7.88,0
9.09225,10.34075,14.17425,13.47025,7.5,28.2,7.12,1
6.202,7.1645,9.85675,7.0765,2.968,21.7,8.63,1
3.561088012805933,5.048637386802234,7.485858550367659,6.69926773021765,4.0147095936499255,26.2,4.88,0
2.2701655907999947,3.614245484532285,7.15684952070463,5.26015715517276,0.8103194256479123,24.2,5.86,0
2.68475,4.63725,7.6485,4.9975,2.682,21.3,8.37,1
2.349073733785953,3.5193395915491386,5.102971216195088,4.59201827285957,3.554882239945253,26.0,5.69,0
4.343,5.58875,8.70725,6.5815,3.67475,22.9,6.29,1
4.02675,5.86375,10.6735,9.293,6.147,28.9,4.88,1
3.63625,4.926,8.204,7.4835,2.65725,23.4,5.99,1
3.784597654914213,5.485016279041711,7.470112138004818,7.202271244526482,0.5425982630306652,18.2,8.43,0
3.9287643931960425,5.593301847093438,7.491815833808255,7.314141543217414,0.9357565430119406,18.2,8.43,0
2.534422947446852,3.948914911928716,6.069590516413418,5.533325447577228,0.6031634122953902,17.4,7.89,0
9.750307758070676,12.405888453823462,16.361329848967177,17.194346559597435,6.247149055359661,23.4,4.17,0
3.672,4.937,7.86575,4.35125,2.374,19.2,9.23,1
3.5015,4.45575,6.9115,4.3375,2.21175,28.7,6.2,1
3.27325,5.00025,9.39475,8.50375,2.7755,23.3,5.84,1
8.134485633788048,9.34725859816298,10.79907198886666,8.717316607844332,4.478593233002945,13.6,7.61,0
3.87275,5.124,7.43675,6.0425,4.37325,20.4,5.85,1
3.445444633787133,4.974726866721099,7.405965782761957,6.645951869163423,4.019497177352241,26.2,4.88,0
2.1768931762325203,3.565409736870233,7.371375888106647,5.281239494343327,1.2443595874677154,23.8,5.56,0
2.207261556233558,3.643413652615496,4.82855947137304,2.4615048274328952,0.0056429427715529,17.1,9.15,0
2.1737965565969386,3.401057240956633,7.050046142303646,5.023417771578212,1.6569631661289062,23.8,5.56,0
5.075857918575734,7.266578174695069,9.704257134264187,7.942820411144511,0.2177881844313126,18.7,8.78,0
0.8835,2.42625,7.72,4.84625,1.31525,32.5,6.55,1
3.845714573049436,5.36538079504734,6.828920495125972,6.497559671803822,0.7860674719069412,17.4,6.06,0
4.0625,5.289,9.04275,7.18375,2.20075,24.1,7.36,1
4.13675,5.3715,8.75675,8.5945,2.506,20.1,6.97,1
2.3343053081346543,3.841455543679337,5.726947552842012,4.911669151221075,0.4541565774556734,15.3,7.54,0
2.06875,3.05875,4.629,2.16775,1.34,24.7,7.35,1
7.11775,7.6815,10.184,7.71725,3.078,22.4,8.28,1
5.18725,6.73,12.5655,10.42325,4.68125,29.6,7.75,1
1.95619015097511,3.213530785557849,6.720806390954297,4.708020138006178,0.7552961095950814,23.6,5.94,0
4.38975,5.718,9.15,8.501,2.3905,20.5,7.76,1
3.342,3.72975,5.0855,3.254,1.857,15.5,9.78,1
3.7237639298593015,5.6533709951442,8.361818105432324,7.238152093795456,3.725658997724008,25.6,6.54,0
6.885949653194316,9.93708193596028,14.942199275029934,14.010651264236914,3.382287491901112,17.5,7.59,0
6.8345,7.76125,10.085,8.897,3.58675,17.2,7.19,1
2.1005249156418184,3.0932524468469547,4.402501021794645,4.399001787818954,0.5949718400939192,17.2,5.81,0
13.264548824567772,16.934067564666446,22.490507485655296,24.605385599603608,11.159010158781191,23.5,4.24,0
1.930556535476966,3.216921332023957,6.6187419796442,4.794504030740352,2.313146746950796,23.3,9.56,0
3.10825,3.57025,5.2175,3.4905,2.814,18.7,9.74,1
1.9028202338285656,3.0970715787963674,4.637955835822434,3.9124910944868,0.0985628214112032,15.0,8.0,0
2.18703308043689,3.4783062201138555,6.831065918262734,5.140616837480045,1.0879997050673471,22.4,4.03,0
5.12125,6.35325,8.5505,6.697,4.6235,20.2,7.03,1
2.646049573275207,4.081241250684567,6.260643696746082,5.637960935597605,0.760181642007823,17.4,7.89,0
5.64925,7.401,12.60125,10.48375,7.68425,31.6,5.99,1
3.886226729828387,5.858151053199937,10.319571355118814,9.265517986662626,4.128033604669437,26.1,3.56,0
3.915151969673311,5.538091722940739,7.474569756958856,7.225108779835784,1.0966790793851693,18.2,8.43,0
2.41525,4.288,7.92625,6.33675,3.749,22.4,8.15,1
1.9236283348312264,3.3515230556560405,5.284340635261805,4.534816483378232,0.3233120544001562,15.2,7.79,0
1.747,2.803,6.3285,4.12575,1.395,30.9,6.48,1
1.3024654507924194,2.5993230919519443,5.224909046184688,3.2811045658334845,0.7111756224300618,13.9,10.67,0
4.8325,5.80875,8.424,7.1535,2.5995,17.2,7.76,1
1.981727636500925,3.230303087887192,6.619325257937537,4.999064420800659,2.488523484948836,23.3,9.56,0
2.594118885227197,4.122567900324059,5.427527273519371,2.846429162953204,0.4348338512574784,17.8,9.32,0
5.43475,6.752,10.20875,8.16,2.0605,17.0,7.76,1
2.590371247205479,4.211119475917965,5.5880500494542025,3.015161162660996,0.0476617240672024,16.9,9.28,0
4.224051512823097,5.902528518113795,7.985023888337413,7.724227383504885,0.9599241952400802,23.1,9.9,0
3.8755,4.3595,7.83825,4.86,4.67575,28.8,7.22,1
5.75925,6.4825,8.1655,6.83725,5.04425,20.6,7.96,1
0.515,2.81125,7.68425,5.42375,0.2345,24.3,5.02,1
5.762,6.18,8.58625,5.97375,3.12475,31.0,3.35,1
3.370241116651449,5.412250972014192,9.719822456859385,8.536767993065867,2.554156394374584,26.1,3.56,0
3.111697080465639,4.78548146466154,5.908418427116777,2.9935827383964626,0.0127168072187426,16.7,8.85,0
3.4355,4.7775,8.98225,7.28,2.01375,31.2,5.13,1
2.0986266629711627,3.5552554920962964,4.865179009884561,2.7928313112011045,0.0086786944753979,17.4,9.0,0
4.569275399999873,6.580995843460407,9.6089877502261,9.397589340524696,3.186336548992002,18.2,7.1,0
1.89,2.87175,5.40175,4.06525,1.329,20.9,8.26,1
5.5475,6.5595,10.15375,8.87225,5.7895,25.4,6.69,1
2.69214359173879,4.089176198946373,6.263733548514299,5.698723213768583,0.6399609388811099,17.4,7.89,0
1.90925,3.22925,7.049,4.98375,2.49225,19.6,8.62,1
3.617,4.7775,6.62,5.29175,3.73525,20.4,8.82,1
8.974,10.7835,15.79125,12.84325,8.677,29.0,5.44,1
1.274,2.9735,8.45425,5.421,3.672,25.2,9.29,1
3.474,5.2725,9.11425,6.972,5.201,27.0,6.94,1
2.498983768565181,4.0155384869922806,5.129549040095244,2.5819951240961267,0.0108810333789877,17.2,9.01,0
5.84725,6.9115,9.645,6.12775,5.32475,32.1,6.74,1
1.461,2.957,5.949,4.78025,2.85525,17.0,8.97,1
6.5705,7.2745,11.36375,9.99425,6.42475,20.9,6.77,1
6.2075,7.3625,10.4205,8.03075,4.024,23.8,7.57,1
4.040317047840805,5.767210644847026,7.5992851969156225,7.565609216036096,1.0722043619742423,18.2,8.43,0
2.843444126431761,4.394663132076697,5.580093895797401,3.13240802162196,0.0808535891141416,16.9,9.28,0
5.87475,7.1865,9.99425,7.907,5.17075,18.0,9.47,1
12.816924217453758,16.357764537753113,21.936650836501293,24.30163895299068,9.618530064922048,23.5,4.24,0
4.45575,5.59425,9.26275,7.28275,3.53725,25.9,7.16,1
12.867026890074174,16.942842334321586,22.75961658507933,24.547641370270465,9.97388342548036,23.5,4.33,0
3.794810522796593,5.369366643247108,7.643748097082807,6.99001623202566,3.629388603272064,26.2,4.88,0
2.0839610653779115,3.44452719697262,6.924338438232004,5.103390035133968,1.8758545126929984,23.3,9.56,0
1.6315,3.17975,7.13975,4.14775,1.81575,24.1,8.19,1
3.7875,5.487,10.52225,9.53775,4.46125,12.2,8.1,1
6.279,7.13425,10.25,9.30675,4.62075,24.9,6.64,1
2.338193395422466,3.7824712895441617,7.464179114604886,5.39688968816483,1.9362958741823555,22.5,8.02,0
3.5675,4.7555,7.73925,4.6895,2.495,18.4,9.05,1
2.386323964818609,3.851528941816458,5.908922389072821,4.925181898218173,0.3304104026789175,15.3,7.54,0
4.35125,5.71525,8.80075,7.1975,5.68775,25.0,7.02,1
2.4054753254637222,3.8889354542628074,5.1162736119549015,2.386771029727542,0.2254818112519827,17.8,9.32,0
1.3785,2.61875,6.1195,4.4365,2.90475,21.4,10.5,1
2.438459926540079,4.07620895864257,5.244368334786582,2.4380712887585623,0.3734051399297008,17.8,9.32,0
4.30725,4.37325,5.99025,3.93875,2.09625,20.6,11.16,1
3.6282654155429976,5.544027465215871,7.45445797624455,4.545613938236091,0.1990708022122572,17.2,9.39,0
1.7177927453224675,3.225576942724518,5.1249025392201215,4.413079572240236,0.082909581973094,15.2,7.79,0
3.773478697147693,5.771551004378896,10.270539532769874,9.297670405768171,4.076101303070908,26.1,3.56,0
8.296461549635145,9.468029883250312,10.537878012871955,9.088707935668603,5.346672313552588,13.6,7.61,0
3.75175,4.827,7.82175,5.7125,4.14225,21.2,9.61,1
2.387776567820534,4.002462368809383,5.466894350363507,2.9032957186421937,0.1074077815134206,17.1,9.75,0
2.28875,3.496,6.67225,4.5795,0.724,29.7,7.65,1
6.22125,7.64575,11.27025,9.39475,6.74375,23.3,8.43,1
3.180204144025664,4.13908773821013,4.3156104948729554,3.6420700960130334,0.7092909454220954,23.1,9.9,0
5.012960455918448,7.262955271503054,9.785059291368032,8.197094771250141,0.3672455870527931,18.7,8.78,0
2.0659507501715817,3.390600890385608,7.010280699880808,5.123165103066402,2.0105397916339123,22.6,11.07,0
4.51075,5.729,8.8475,8.20675,2.396,16.7,8.79,1
2.786638196945768,4.325394480139199,5.507147715506991,3.080756507529928,0.0839421146365446,16.9,9.28,0
2.214877371077247,3.594643223613657,6.902258363846381,5.1727475215596135,1.5827550162459425,24.2,5.86,0
0.3555,1.87625,6.29825,4.49425,2.35475,28.7,3.26,1
3.70536125702344,5.392199150428092,7.255749181369398,7.264773637294665,1.2304130886689515,22.7,10.43,0
5.8995,6.8565,9.095,7.3075,3.49875,14.7,9.13,1
6.257,7.1315,9.821,8.69075,2.638,16.2,7.39,1
2.5212515372256448,3.919006909639666,5.97388159883548,5.397694969405583,0.706358118596869,17.4,7.89,0
3.714274219994026,5.513309648817314,8.18319454995845,7.047771470740472,3.495472000823777,25.6,6.54,0
2.1555376195302944,3.456621689924233,7.052043964404863,5.0645120361175575,1.6681130158275372,22.5,8.02,0
3.4499605421012114,4.95684611369806,6.455623712870754,6.135678404491779,2.844629224910752,17.7,7.11,0
5.27525,5.77575,7.53025,5.57775,3.34475,17.2,9.75,1
4.843960067786151,7.071850252386663,10.291110730297609,10.272195335580845,3.9035190839475735,18.2,7.1,0
1.29325,4.3925,12.89825,13.1375,7.29375,29.4,5.22,1
2.530226285043032,4.101995525042417,5.370604152795141,2.61724365608519,0.2196729695469185,17.5,9.36,0
4.57675,6.059,9.2765,8.314,3.86175,15.2,9.14,1
3.6335,4.1835,6.114,4.1615,2.132,17.1,8.95,1
2.607351920321188,4.191982387592823,5.416062981791969,2.596196921846688,0.1741486533599501,17.5,9.36,0
9.616519450228886,14.313694977150584,22.457839164977734,15.82464654865544,3.584019762350803,16.7,9.28,0
3.5235,3.98,6.983,4.60425,3.7325,18.7,11.12,1
3.741059054819341,4.954269972936664,5.583315395086289,4.509399642388329,0.9322695036204623,23.0,9.71,0
3.886535570844467,5.644178944186676,8.008337861715884,7.141317057926907,3.0554316624389326,26.3,5.37,0
2.5451216663120784,4.0090958149611176,5.963668890681356,4.524954568733125,0.1173328241516181,18.2,9.26,0
1.4093072509414295,2.36937206677272,2.7355463860342843,2.4116375858860044,0.6950597446443134,22.7,9.64,0
4.8325,5.71525,8.325,6.25975,4.79675,23.4,9.78,1
5.220034300137478,7.429113623048269,10.31133571536118,9.82976206574117,1.3008094966369208,23.0,9.71,0
4.28525,6.279,9.491,7.31025,5.3935,20.7,8.43,1
3.34600638091736,4.371582585859067,4.887967898526695,4.270654838084937,0.6826338320083405,23.1,9.9,0
2.5103218365919946,3.978741298949085,6.031443559542307,4.505255904787988,0.95721235282036,18.2,9.26,0
2.59675,3.2595,5.1295,3.441,2.81675,19.4,10.06,1
6.543,6.89775,8.1655,5.95175,4.07625,20.8,9.07,1
2.769244944997517,4.442145341031525,5.696128938946698,3.057476725488365,0.7604481771240894,17.5,9.36,0
3.7231360353909664,5.233968300583266,7.525863711482509,6.775407256022181,3.68173033788281,26.2,4.88,0
0.94675,2.38775,5.76475,2.31075,3.68575,19.4,10.1,1
6.85375,7.5275,10.04925,8.78975,4.71975,23.7,7.04,1
2.141965324849875,3.185016432256224,4.62071450345336,4.652493281985589,1.0779208175969843,17.2,5.81,0
12.451947444599549,16.575958707509272,22.534086721503755,24.19984162843443,10.046486240571015,23.5,4.33,0
1.4335,2.70675,6.09475,4.16975,3.848,12.3,9.62,1
2.2171238921781478,3.564554345452792,7.1644064502988405,5.140155449394749,1.6660548026972224,22.5,8.02,0
3.82875,4.7885,9.0895,6.07,3.91125,29.6,7.22,1
4.5025,6.246,11.966,12.6755,3.8205,19.7,6.87,1
3.22925,4.552,7.4065,5.34125,3.02575,12.7,8.7,1
3.667560867175124,5.414871667647083,7.470702987060793,7.375064403238647,1.4478272138037331,22.7,10.43,0
4.420619518090737,6.661528472097261,10.405963306776808,8.954241585015797,5.0928603939886905,25.7,5.76,0
1.9578711361561607,3.2560573892263776,6.787046422486536,4.77525393664225,0.7026253694462328,23.6,5.94,0
2.85525,4.32375,7.049,5.26975,2.73975,23.8,6.72,1
2.664516844814857,4.109401679248384,5.147859222305544,2.6842134682320253,0.008090878835285,16.7,8.85,0
4.354,4.88475,6.312,4.0295,2.48675,13.7,9.36,1
5.1625,6.224,9.3095,7.3405,3.35025,27.0,7.54,1
7.126,8.7045,13.55,11.29225,7.00775,28.9,4.89,1
2.433665805106288,4.037619821127772,5.631970248923627,3.1952326714544155,0.2055329540380865,17.8,9.68,0
1.085129192880466,2.56753859706782,5.658423167227388,3.2463994933788585,0.0372265281858868,13.9,10.67,0
3.542308802677248,5.244210376658144,7.5413036196471985,6.668561599690765,2.7048326106990754,26.3,5.37,0
5.74,6.994,10.008,8.1435,3.51525,15.8,9.56,1
4.42,5.091,6.80975,5.0195,3.29525,21.8,8.33,1
6.4935,6.9665,8.22325,6.46325,4.98375,24.7,7.89,1
5.32475,6.29,10.29675,8.94925,4.3815,23.6,9.84,1
7.555208390117614,8.353775864834281,9.41240558485148,8.012043759211142,4.427046833755958,13.6,7.61,0
7.31025,7.852,10.47,8.677,4.8435,23.6,6.45,1
3.49875,4.1945,6.12775,4.3705,2.27775,25.6,6.29,1
1.9975331793121331,3.3622012750096304,5.293486474599112,4.45237184076309,0.4090932562655337,15.2,7.79,0
4.990092459952093,6.925243680978653,9.420475231557118,7.136152995988613,0.2316079831960386,18.7,8.78,0
2.234319543456778,3.744823919524977,5.927857288259714,5.50106635771496,1.0836312963970478,17.4,7.88,0
0.46,1.68925,6.1415,4.82425,2.31075,27.0,5.89,1
3.92225,4.739,7.09575,5.62725,4.37875,19.6,11.74,1
3.9659906715583073,5.5340488848933616,7.512579543425641,7.1560096683279255,0.6532184786332289,18.2,8.43,0
2.2569142997329643,3.734167722968875,5.596617840054215,4.8561424561378495,0.4062733522522775,15.6,7.72,0
5.74,6.466,8.97675,6.88125,5.27525,24.3,8.0,1
4.092321598676564,5.782982257450249,7.89938943802747,7.742434129715033,1.2524157780685914,23.1,9.9,0
4.129579533341612,6.645398254161455,11.728088933071769,9.89752246091698,3.869170201554925,26.6,5.52,0
3.30625,4.068,5.81425,3.6775,2.638,17.9,9.36,1
4.2385,4.53275,5.7235,3.463,2.715,26.3,8.81,1
2.682,4.90125,9.86225,8.9245,2.0165,24.4,5.34,1
3.432329337405754,5.183705835872485,7.595294270067841,6.744887484533138,3.545799655073865,25.6,6.54,0
1.8475665391730416,3.236951353613968,5.085064612259958,4.684555163421844,0.3302557326191788,17.4,7.73,0
2.8195,3.80675,6.50175,3.86725,1.3455,20.2,11.01,1
1.8095902946124425,3.127026223064871,4.728004648179446,4.54176226014359,0.255846152622508,17.4,7.73,0
1.9285,2.8305,5.08,3.3145,2.957,25.1,9.27,1
8.04214086318597,9.025173361440585,9.992212788529525,8.819141369140464,6.027019694857137,13.6,7.61,0
1.4005,2.506,5.2835,4.11475,2.44,20.5,8.36,1
5.6025,6.532,9.1335,5.575,4.17525,30.4,7.66,1
3.79575,5.0745,7.41475,5.9985,4.442,23.8,7.5,1
4.68675,5.64375,7.81625,6.279,4.5685,21.8,6.31,1
7.92625,9.392,13.54175,11.40225,8.336,27.6,5.22,1
1.9681818196962249,3.4615867106646583,4.452570096590343,2.113238456731364,0.0005401291500272,17.1,9.15,0
0.0695,1.3785,5.16525,3.76275,0.636,23.8,6.56,1
5.036,6.29,10.756,9.46075,4.1945,21.0,10.05,1
3.05325,4.17525,7.41475,5.05525,4.86,19.6,9.23,1
5.013269103944019,7.199100596226206,9.512584507949637,7.960604822812234,0.4562292812530876,18.7,8.78,0
2.288977605055525,3.7307576976486017,5.511435086140867,4.874497249431513,0.2565573567265288,15.6,7.72,0
4.783,6.268,9.5185,8.44325,4.57125,15.2,8.85,1
1.2025,2.6105,5.79225,4.211,3.20725,20.7,16.05,1
2.5225,3.23475,5.54475,4.73075,2.847,27.5,4.44,1
1.8417131254258357,3.135069963202808,4.748481793899924,3.982149818218838,0.0301478612821929,15.0,8.0,0
2.5682269958022,3.99562381723315,5.505510983709167,4.745912886160064,0.3798889325403075,16.0,7.61,0
3.523521168129032,5.053204075906074,7.4030309000589,6.617131493991488,3.922172311951985,26.2,4.88,0
4.233,5.15975,8.54775,6.08925,4.0625,32.0,7.01,1
4.31275,5.64375,8.75125,6.796,3.2375,24.2,6.52,1
2.492104770958966,3.9850615187993976,5.069926941587123,2.214976531043128,0.1369945201106565,17.8,9.32,0
3.65825,4.596,8.4075,5.88575,4.93975,32.2,6.49,1
4.22475,5.05525,8.80625,7.346,4.17525,20.3,7.61,1
2.075486001563173,3.304312973178404,6.55066072884588,4.787657328427953,1.6909154188028523,22.4,4.03,0
2.652888539238874,4.022366821858089,5.363183275292756,4.604545988107965,0.1500643013877016,16.0,7.61,0
2.23925,3.98,8.59175,4.77475,1.7855,22.6,8.68,1
4.959,6.301,10.6295,7.643,2.92675,23.4,7.92,1
2.167738755455273,3.5909363715415346,7.401633798278934,5.294491185352276,1.099019368214942,23.8,5.56,0
4.574,6.32025,9.46075,7.5385,5.4265,29.8,6.52,1
2.611929969141719,4.203639823125071,5.407681403618658,2.631513977752552,0.5102968941214654,17.5,9.36,0
6.356,7.698,14.09175,14.804,3.93875,20.0,8.24,1
5.67125,7.6485,12.1255,11.185,7.38725,30.6,5.52,1
5.905,6.73,8.58075,5.1955,3.10275,27.2,7.79,1
4.081605885574447,6.688628802660336,12.17986043002069,10.147689712708868,3.979066664931356,26.6,5.52,0
2.2510256058751694,3.716718737881679,5.553501363655894,4.855279338220732,0.2248831758300328,15.6,7.72,0
5.88575,6.3395,8.25075,6.0865,3.1165,25.0,7.0,1
2.5371686555093733,3.839731612941072,4.711250618901974,2.3478501985014715,0.0442374867550022,16.6,9.12,0
4.199899970311382,6.279128682110402,9.672544654516091,8.530776739025429,5.447167965342111,25.7,5.76,0
4.436570027430769,6.540327046609153,9.19708673509566,8.950885142697821,2.1425645257514034,23.0,9.71,0
2.507212254743864,3.951287166063027,5.427551146381318,4.419353072164757,0.0242758859641847,16.0,7.61,0
4.9645,5.75925,8.413,5.3825,2.98175,24.3,7.9,1
2.126603770649856,3.724908591672484,5.965753965528904,5.553486154017923,1.152257631829349,17.4,7.88,0
4.519,5.5695,7.841,5.20375,2.75075,32.3,5.04,1
2.6101694519206,4.131876740712493,5.78790727898854,4.8341219676601535,0.1821021810869929,15.6,7.33,0
5.46775,6.35325,8.853,7.3075,3.6005,20.5,8.33,1
2.14060768968904,3.6017718892252515,4.510093278289407,2.1410961169377507,0.0013291836656181,17.1,9.15,0
3.68025,4.18075,5.47325,4.409,3.419,19.9,8.6,1
7.434,8.3085,10.63775,10.1675,4.23575,16.7,6.3,1
5.79225,6.21025,6.77675,4.24125,3.9195,18.8,9.34,1
4.2385,5.11025,7.4065,4.8655,2.407,26.6,6.84,1
0.39675,1.85425,6.32575,4.233,0.10525,30.7,5.63,1
7.29375,8.45425,11.4105,8.7485,4.552,19.4,8.6,1
3.6445,4.47225,7.15075,5.311,3.47125,22.1,6.8,1
2.629199145041453,4.0185309738236406,6.07087697564126,5.526163345994686,0.6081911856320867,17.4,7.89,0
8.520415293008606,12.506407203583256,18.54999882732658,11.586286999219258,0.9598638756003328,16.7,9.28,0
3.959165858884668,6.515590428941934,11.73952086529864,9.774007875905108,4.1079021860199925,26.6,5.52,0
4.18075,5.71525,9.271,7.137,1.94775,19.4,7.44,1
4.976018043387458,7.245082781538023,10.508194349705574,10.499438601172049,3.689111458892637,18.2,7.1,0
5.8445,7.31575,10.52775,10.646,6.6255,21.8,7.21,1
4.4255,5.56125,8.017,6.46325,4.45575,23.9,5.22,1
4.53275,6.08925,10.976,8.78425,6.85375,32.1,6.67,1
13.631698641720568,17.27938013220921,22.750643196777173,24.71753429275771,11.73315296732534,23.5,4.24,0
3.923089281541906,5.585663145973393,7.750085566989032,7.559322826797785,1.4663189507582697,23.1,9.9,0
2.281978131964399,3.640952145984162,7.095740174810986,5.244030406181668,0.8346756804143494,24.2,5.86,0
2.80979388355407,4.35240307547549,5.536603837272101,2.8216783480945478,0.0073040705517969,17.2,9.01,0
3.4678398529114864,5.137926048127407,7.420749795843945,6.58981690918983,2.640772958782943,26.3,5.37,0
2.1496993271088645,3.6196788438076153,4.9233216789724805,2.841922288189384,0.0016979205599681,17.4,9.0,0
6.28725,7.01325,9.051,6.98025,3.57575,22.0,6.34,1
0.23175,2.05775,5.6905,1.4555,2.50325,21.8,9.51,1
5.00025,6.44125,11.42425,7.48075,2.8525,17.1,10.66,1
4.618,5.861,9.2325,8.3415,4.6785,20.9,7.4,1
8.55875,9.7165,13.066,11.94125,7.70625,28.8,4.64,1
3.4712881906020097,5.256741656061723,7.098317223990372,4.34710292875846,0.6577468995069311,17.2,9.39,0
3.664709386103368,5.097449182551331,6.235931266439968,5.95112025812999,0.82477425937189,17.4,6.06,0
5.93525,6.532,8.45975,5.1075,2.33825,21.1,7.92,1
12.05912622927659,16.09479573189902,21.63757301004255,23.2181621583663,9.690872298461557,23.5,4.33,0
8.500693455970548,10.809018998317452,14.801065322376296,15.668720291380758,6.9151000762214,23.4,4.17,0
3.0175,3.46025,5.5035,3.749,2.26675,18.9,10.75,1
2.308,3.55375,5.817,4.62625,2.36025,20.1,4.62,1
2.215160657341336,3.653024806801497,7.096385126695311,5.233896375527909,1.3409950301481934,24.2,5.86,0
2.94875,4.14775,7.863,5.828,3.74075,21.8,7.2,1
3.550091707302113,5.328273728574808,7.802294372769299,6.787799307244961,3.2274768686721567,25.6,6.54,0
4.0515,5.00025,7.6045,7.368,2.73425,20.0,7.25,1
6.593032991149167,9.06806191582697,13.40303475884247,12.14199954749581,1.8047928183852129,17.5,7.59,0
4.9315,5.817,8.171,6.8895,5.43475,20.8,7.21,1
2.198102263883021,3.447531400977259,7.100328692196452,5.043966816798581,1.5411386482713527,23.8,5.56,0
3.1749871427306204,4.724925318005525,6.119262713604997,5.678618435617698,0.4008618901704003,17.4,6.06,0
5.9655,6.3285,8.809,6.4055,5.73725,31.2,7.29,1
2.071729343731803,3.272680559687561,6.810912628380159,4.763563533043873,1.6835368597222622,22.6,6.97,0
3.639212183222408,5.155854353694225,7.484710970704786,6.715740181479932,3.715201228503541,26.2,4.88,0
3.03675,3.92225,6.74925,4.2385,2.06875,26.8,8.52,1
3.64725,5.311,8.8585,6.037,3.76275,23.2,8.25,1
4.058357296694061,5.634879365054518,7.617719744877593,7.516267594778208,0.9100344863927352,18.2,8.43,0
4.4695,5.4595,7.60725,5.5695,4.68675,19.5,10.46,1
3.8602695541016265,5.707864423670161,7.928763260640344,7.756386851034729,1.517906792134589,22.7,10.43,0
1.8186241872058715,3.1722312996496917,4.958520215471966,4.552161814738181,0.4332471507170444,17.4,7.73,0
2.4453582442551585,3.469075980186202,4.91463711055637,5.009638585157607,1.1334034491346745,17.2,5.81,0
2.331778395055716,4.026357173517439,5.899149519620405,3.502875530924018,0.1683234652059923,17.8,9.68,0
6.2405,7.74475,11.19325,9.051,6.13875,28.3,3.77,1
2.308892940219122,3.7603598625910575,4.583854781287911,2.274899673137327,0.004550371414249,16.6,9.12,0
1.8328518399810845,3.102011094795769,6.350385879749924,4.7095533627629536,2.308963234613969,22.4,4.03,0
3.485,3.3475,3.32275,2.14025,1.61775,17.4,6.71,1
3.94975,4.93975,7.7695,5.751,2.12925,20.1,7.73,1
7.17275,8.22875,10.15925,8.666,6.18275,20.3,7.17,1
2.494117058965364,3.973703553368803,6.198579762688905,4.816574332778587,0.9496050245210352,18.2,9.26,0
1.4115,2.055,4.1395,3.07525,1.94225,17.1,8.24,1
4.54375,4.90675,7.00775,5.35775,3.9855,31.5,8.76,1
5.69875,6.27075,7.9345,6.2075,4.58225,24.9,7.55,1
3.17425,3.782,5.98475,4.26325,2.1375,24.9,7.11,1
2.0400043463354467,3.36248416910039,6.965880063145236,5.065346427682647,2.042903232516927,22.6,11.07,0
5.44025,6.98025,11.636,9.75775,6.00125,29.8,6.56,1
1.974873799284176,3.256606930463644,6.535040504263863,4.804478406095905,1.1322440711866215,22.4,4.03,0
2.2791264501302138,3.9189824980341914,5.474961880718562,2.902433822700979,0.0049816317222231,17.1,9.75,0
7.51925,8.00325,9.612,6.52925,3.63075,20.7,10.08,1
3.936,5.27525,9.71925,8.0665,3.1165,23.9,7.78,1
4.157218826714684,6.216038194124289,9.329813636225907,7.929522037798527,2.928109239873504,25.9,6.55,0
2.54175,3.87,7.06,5.87475,3.7435,24.4,5.33,1
4.40625,5.79225,13.286,7.896,1.274,30.4,7.08,1
3.782,4.97275,8.09125,5.09375,2.75075,20.0,9.35,1
6.40825,7.17825,9.1115,6.851,3.496,16.5,9.09,1
3.08075,3.7325,6.15525,3.6555,2.077,19.7,9.39,1
2.86625,3.97175,6.37525,4.63725,3.70775,17.9,4.48,1
2.220959021037862,3.4967902992001334,7.046590598566678,5.025998729866439,0.7247632069004601,23.6,5.94,0
1.1805,2.17875,4.26325,2.94875,2.14575,17.4,10.97,1
8.457391429361921,9.672609318476075,10.510463223264985,9.15152635324847,6.191603161159439,13.6,7.61,0
2.211336330745659,3.647221809789632,5.8197373719920895,5.396883675877445,1.4745100710943049,17.4,7.88,0
6.07,6.91975,10.69,7.63475,2.53625,15.5,9.98,1
4.331393168350991,6.643805628351223,10.559333380236984,8.989774752413318,4.843501398819738,25.7,5.76,0
3.501412456583944,5.516067452885826,7.313702779486897,4.374649421835639,0.0392066169142227,17.2,9.39,0
6.59525,8.22325,13.8195,14.14675,4.7445,29.5,5.65,1
1.3855301660979846,2.172776484889261,2.4006355785381173,2.0025120084008816,0.567651164424437,22.7,9.64,0
1.982301085174906,3.2516061859920957,6.773418762587222,4.863013570130396,0.6856547631734488,23.6,5.94,0
3.638259160046293,5.7384110262281,10.164024217814855,8.828593167706787,2.798330609864316,26.1,3.56,0
3.4135,4.222,6.7465,5.3165,3.03125,21.7,6.57,1
4.93975,5.58325,7.73925,6.70525,4.36775,24.3,8.0,1
4.5818024919422,6.737217389767935,10.034000035575366,8.553522221901593,3.636136796656229,25.9,6.55,0
2.1523102075841987,3.708974425168437,5.9470457527345,5.551480844302312,1.136570228171326,17.4,7.88,0
4.8875,5.8555,8.17375,6.257,3.001,16.5,7.36,1
3.7954299742619138,5.478136421752917,7.360278324456379,7.087261779840957,0.993353818469609,18.2,8.43,0
2.5225,4.55475,8.798,7.5385,3.31175,20.6,5.78,1
1.97525,4.37325,11.95775,11.29775,5.28625,31.4,8.13,1
1.9615,3.65275,8.6715,6.33125,2.00825,20.8,9.9,1
5.57775,5.84175,7.04075,4.981,3.331,18.7,10.36,1
3.923865639710824,5.621746936785806,7.526428084626187,7.164405782781106,2.243405134186039,17.7,7.11,0
3.429634963985388,5.282099827961318,7.274354421013115,4.340377016394315,0.3354114578516093,17.2,9.39,0
3.0505,4.7995,8.413,6.73825,3.5565,24.2,6.87,1
5.703242693061666,7.621172848320662,9.66378492149644,9.450066610956764,2.195604993208975,18.4,7.21,0
2.21781390552622,3.5333199118164367,7.168940320618861,5.269426873766375,1.8768079602855785,23.3,9.56,0
2.1034996465973386,3.410612494016504,7.022621416062008,5.09976563462631,1.9604329237581983,22.6,11.07,0
3.30075,4.39525,7.42025,6.46325,4.8765,15.9,8.42,1
3.254,4.464,6.8235,4.3485,3.034,16.9,9.45,1
0.17675,1.93125,6.51825,4.84075,1.3235,21.6,7.39,1
3.92775,3.82875,3.804,2.73975,2.3245,16.0,6.92,1
4.0661664806678575,6.158570835007862,9.44412800011212,7.957966438508997,3.2479631452604782,25.9,6.55,0
6.2405,6.763,8.00325,5.23125,3.166,19.8,9.64,1
0.2015,1.48575,5.04975,2.51975,0.58375,31.2,4.37,1
4.02125,5.1845,8.6495,5.5035,5.5255,29.7,6.61,1
2.162037286258842,3.582761346726899,4.901936096551744,2.8754918206014337,0.0071706068625023,17.4,9.0,0
5.33575,7.8025,13.044,11.592,7.37625,30.8,4.74,1
2.0534528153200875,3.369690901110194,6.845292151566788,4.983911759399293,1.9980316875998776,23.3,9.56,0
2.349774714661656,4.028599870046587,5.438287219994042,2.931962892803724,0.0307703234611331,17.1,9.75,0
0.02275,1.36475,5.20375,2.45375,0.592,15.1,10.63,1
2.0948279222177644,3.511034666759324,5.631494628939641,4.755693520519908,0.1971750816873033,15.6,7.72,0
4.09825,5.28625,9.08125,7.357,2.6435,15.8,7.3,1
4.3045,5.2505,8.09125,6.07275,5.00575,18.6,6.68,1
4.7340519723154415,6.847040550596255,9.935402264617965,9.791908317620273,3.236163291981974,18.2,7.1,0
4.10495936356538,6.745954984406579,11.963944152245258,9.97639237737972,3.6753194558708073,26.6,5.52,0
6.136,7.093,9.58725,7.96475,3.441,14.0,8.69,1
2.9856139850353007,4.289940505872266,6.22464951723136,5.312318048921206,2.5963954235723343,26.0,5.69,0
4.07075,6.50725,9.392,7.478,6.0095,32.1,6.69,1
2.274179405796537,4.005445616225378,5.239897483127344,2.5695405924676877,0.6295162797797683,17.8,9.32,0
1.7195,3.21,7.5495,4.354,4.34575,32.4,8.44,1
3.46575,4.5465,7.159,5.22025,4.7225,18.8,9.49,1
2.2441865946062904,3.6577348611604674,5.480913291270551,4.68635219954155,0.6218559941468927,15.3,7.54,0
1.648,2.4345,5.05525,2.748,3.36125,29.6,8.03,1
2.5780994611843675,4.130656509196486,5.381036516235172,2.8344699808774525,0.0003874522242701,16.9,9.28,0
5.85,6.829,9.051,6.983,3.848,20.7,7.41,1
5.95725,6.79325,9.35625,8.0555,4.46125,20.1,6.49,1
4.78575,5.322,7.09575,4.57675,1.79925,20.6,9.06,1
2.9687117431360464,4.276872932366884,6.08247258336403,5.29937234088602,2.895100393937448,26.0,5.69,0
3.8974712733105616,5.662733765943939,7.892009122394661,7.72912974063716,1.6042002748847508,23.1,9.9,0
2.2807067507058254,3.454608918664145,5.157375315651416,4.937369599378873,0.5587529232159372,17.2,7.88,0
0.94125,1.857,4.893,3.87,1.26575,31.6,2.84,1
1.04575,2.4785,5.7455,3.38875,1.56,17.7,7.42,1
0.6415,2.8745,8.0005,6.91975,4.05425,19.2,8.09,1
5.6245,7.4945,12.26575,10.61025,6.411,30.8,6.18,1
4.43925,5.57225,8.49825,5.79775,2.51425,32.8,5.33,1
2.542787105711694,4.105950789214307,5.9439060820795735,4.013240845693678,0.1422708806070534,17.8,9.68,0
2.020803935967262,3.241394830094552,6.77010375464708,4.711950507771879,1.9900782877936716,22.6,6.97,0
5.377,6.389,8.93825,7.40375,2.09075,17.5,7.17,1
4.574,5.68225,8.479,4.8765,2.5225,12.7,10.37,1
4.12575,4.7995,7.654,6.5595,4.992,24.3,7.6,1
6.906328923470025,9.972487216946243,15.086462397283029,13.887493702521894,2.861899208911252,17.5,7.59,0
3.0725,4.167,6.81525,4.7225,3.17425,24.4,7.2,1
3.716,4.5355,6.87575,5.0305,4.519,20.4,10.56,1
4.398,5.91875,8.82,6.50175,4.0405,15.1,10.25,1
8.556,9.623,12.51875,10.67075,6.26525,30.5,5.34,1
2.1485,3.06425,5.00575,2.63525,1.8295,21.1,8.09,1
3.329820985003694,4.876398058730833,6.062632424593477,3.099833446465109,0.0065615662441637,16.7,8.85,0
4.2715,5.267,7.56875,6.081,4.6015,26.4,9.93,1
6.84825,7.56325,9.37825,7.22775,3.63075,21.7,5.44,1
6.609,7.357,12.35375,14.089,5.72075,32.1,8.12,1
4.195857977894256,6.770623052758096,12.044829141033771,10.073027195651743,3.788425838313887,26.6,5.52,0
2.046198586095887,3.395883814158438,6.984023575239319,5.1903946644764485,2.293984838747201,22.6,11.07,0
5.134533537183873,7.323234789867518,10.20462822684532,10.394491951545362,4.868030340545134,18.2,7.1,0
2.616144241867508,4.006250229088675,6.087114902714604,5.503176456594036,0.5456359073522998,17.4,7.89,0
3.0285,3.48775,4.60975,3.408,2.2915,14.5,12.04,1
1.142,2.11825,4.585,3.38325,2.87175,31.3,7.62,1
1.5385349848381342,2.3713788206272666,2.795115228302163,2.4559602347238823,0.9481967403249808,22.7,9.64,0
1.9273792074820169,3.203981119415292,6.494214070705779,4.821253654348533,2.207441612036517,22.4,4.03,0
7.016,8.5175,14.57025,14.63625,8.36075,30.9,4.18,1
2.88,3.3585,5.6135,3.65825,2.77825,20.5,9.75,1
1.34825,2.781,5.80325,4.2715,1.84325,22.1,7.08,1
3.6074260218188,5.524667472346216,7.645026688675268,7.678715390696922,1.360007926193422,22.7,10.43,0
3.5872277927771865,5.2253155085220016,7.379742119600954,6.772128276758368,2.09270655900553,17.7,7.11,0
2.5023277909481982,4.133093867598488,5.283230588317538,2.635513024280508,0.2468605247869761,17.5,9.36,0
3.434283396598562,5.428335494475099,7.303903195945762,4.345516387839488,0.0597170807742811,17.2,9.39,0
5.58875,7.3405,11.53975,9.304,6.80975,31.9,1.87,1
0.636,1.428,3.9085,1.85975,2.09075,21.3,9.57,1
6.0315,6.5265,7.72,5.223,3.507,21.1,8.61,1
3.43,5.18175,9.37,8.8475,2.82775,21.2,6.59,1
3.749,5.14325,8.03075,5.61625,3.364,24.2,6.7,1
2.4998903508951704,3.9480836498678977,5.657036209861608,4.01357372464805,0.718894152170305,18.2,9.26,0
1.8886460341813696,3.165946224077877,4.781593522299905,4.108780485424217,0.0284665638088512,15.0,8.0,0
4.336911208499318,6.616308155332485,10.536005653921071,8.928472781810568,4.726950030856084,25.7,5.76,0
2.5623280461349527,4.014493014075319,5.48108663289576,2.924861406843959,0.0224756396792848,17.1,9.75,0
1.9562709902743305,3.235999897975511,6.789175042684286,4.725473214780534,2.0848875970021954,22.6,6.97,0
2.9295,4.123,7.6265,5.41,1.65625,25.9,6.38,1
3.3571839688760643,4.328376696250265,4.605286823482835,3.92104009761136,0.6882088929946757,23.1,9.9,0
4.119884400167232,6.645922783595277,11.986970840001412,9.942257914559384,3.925305499698647,26.6,5.52,0
2.7265669444356204,4.249980283431079,7.193360769424905,6.757677373272482,1.3351247865644311,18.2,9.26,0
4.429563433180975,6.641786434341805,10.36034819355564,8.876938153819278,4.561344163854844,25.7,5.76,0
1.459207079734652,2.302187025863656,2.573409421383952,2.266423278853382,0.8629521409894823,22.7,9.64,0
2.2169440847763866,3.684155687901715,4.655908243733954,2.270155133786264,0.0053920965189126,17.1,9.15,0
2.546064869515171,3.996552886193722,5.752267096127131,4.205635702070537,0.3462469249576406,18.2,9.26,0
4.03225,4.6235,6.0425,3.81775,3.47125,21.9,10.28,1
7.86575,10.844,18.159,17.96375,6.47975,31.6,6.49,1
4.024,5.18725,8.578,5.6355,4.50525,32.3,6.23,1
3.24025,3.52075,4.5245,3.31725,2.528,20.8,13.94,1
2.502007974014084,4.1112012848987005,6.227265786729286,4.510593623823524,0.2172383605822699,17.8,9.68,0
3.221,4.2935,6.98575,4.7115,3.0615,17.1,8.0,1
6.836203724576783,9.591011001882377,14.042672957334949,13.108817773266082,2.3660678586840604,17.5,7.59,0
4.299,6.07825,10.0135,8.22875,2.89375,18.3,7.02,1
2.88,4.07075,7.027,4.46675,2.5995,31.4,7.86,1
8.4295,9.623,12.0925,10.7065,6.994,29.2,5.83,1
12.296492876277432,15.740894379421212,20.792620092510287,22.83325327038908,10.733692767375874,23.5,4.24,0
3.545872295446801,5.178165268218983,7.469750806748757,6.554890215345655,2.227251839290906,26.3,5.37,0
7.007689939997524,10.110785169552257,15.404781759071946,14.604014341789062,3.286892580333919,17.5,7.59,0
7.06275,8.7485,12.87075,11.62225,8.32775,31.2,4.83,1
3.0601192871818137,4.525345345024653,6.041983110584441,5.454018957327873,0.3307195961155325,17.4,6.06,0
7.90425,7.83825,8.424,5.8115,4.69225,29.9,7.72,1
7.862791703166194,8.774026483812943,10.580237690388408,8.42308215965496,3.592092248953031,13.6,7.61,0
11.568552176573204,14.766612626052556,20.119278015061195,21.968206622676878,8.926587222111342,23.5,4.24,0
2.046749411583721,3.293725813521051,4.982174442700742,4.387872898023407,3.2159189328280946,26.0,5.69,0
4.29625,5.61625,8.2535,6.93075,3.67475,15.4,7.12,1
4.266,4.838,6.43575,4.4915,2.66,21.8,8.69,1
2.033,4.7115,12.4225,12.50775,5.39075,30.4,3.23,1
1.8788362534789596,3.159579995891843,4.691227775866015,4.0620348796045205,0.0804422806006932,15.0,8.0,0
1.0532990212481164,2.6211321947578456,5.60307362012846,3.308771871389101,0.1106560799564564,13.9,10.67,0
3.7655,4.85725,7.5165,5.28075,4.145,24.2,7.18,1
3.122,5.7565,13.30525,13.6985,5.68225,30.6,3.75,1
4.3045,4.96175,6.61725,4.30725,2.3135,19.0,9.54,1
3.358109012045285,4.692323778723781,6.400366244562784,5.674331327919225,2.7437076903084727,26.0,5.69,0
4.68125,5.443,7.62925,6.27625,3.25125,17.3,8.73,1
5.13775,6.24875,11.1795,9.84025,2.66,28.6,6.82,1
1.4326215017344532,2.2182804796400037,2.6315559369416786,2.336230253335088,1.3621825284327322,22.7,9.64,0
4.7555,5.993,9.051,6.62,2.42075,16.5,8.47,1
2.968,3.6885,5.8445,3.3475,1.879,15.4,8.8,1
3.76825,4.9645,9.117,9.06475,3.24025,15.9,10.02,1
2.4639387073426104,4.008865268185157,5.120381043452134,2.2186361196629423,0.2603564574806857,17.8,9.32,0
5.81975,6.8785,9.48825,8.41575,2.4895,18.4,6.07,1
4.75,6.0205,8.391,6.11125,4.761,21.5,8.51,1
3.19625,4.6015,8.94925,6.2185,1.6425,33.3,6.77,1
4.6565,5.44025,7.8025,5.1295,1.58475,17.9,8.71,1
3.6005,4.717,8.24525,5.67675,4.607,31.4,4.95,1
2.78375,4.50525,7.88225,5.3055,3.97175,26.9,6.96,1
2.4397077093825392,3.382993954683812,3.83597008064991,3.08124614000824,1.2590234351364062,23.0,9.71,0
4.1505,5.25325,7.86575,5.17075,3.2485,15.9,10.33,1
3.43,4.5135,6.95825,6.1415,3.99925,16.9,5.54,1
4.24125,5.33575,8.34975,6.20475,5.50625,20.0,8.71,1
2.5782492055379587,3.3601353863368155,3.4142877565780485,2.9245290405344795,1.2001818761606904,23.0,9.71,0
5.14875,6.21575,9.30675,7.05175,4.87925,31.2,7.15,1
4.35675,5.41,8.2315,7.07925,4.82975,23.1,7.4,1
7.5,8.66875,12.29875,11.108,7.302,25.3,4.62,1
1.6425,3.6665,8.886,6.85375,2.33275,23.5,6.98,1
2.69025,3.41075,5.4485,3.9085,1.87075,21.8,7.43,1
3.56475,4.52175,7.46425,6.40825,2.4565,21.2,6.78,1
1.47475,2.75075,5.72075,4.25225,3.6775,30.6,6.61,1
2.0349478634787803,3.262833860155462,6.748320019440887,4.781788697492503,2.207606894558676,22.6,6.97,0
5.751,6.8235,9.502,6.752,4.13125,18.7,10.0,1
4.30175,4.937,6.94175,5.53375,3.83425,20.2,8.09,1
2.407300873770367,3.945630436549309,5.012881781268374,2.14888505063614,0.0789313360900059,17.8,9.32,0
2.0115598902158416,3.3137336511879454,6.616178267358438,4.888349704650733,1.5200744532786383,22.4,4.03,0
14.200109339824124,17.867283111942918,23.65040305243028,25.7583798131591,11.282248222596714,23.5,4.24,0
4.25775,4.673,6.1855,4.52725,3.232,22.4,7.81,1
2.6435,3.34475,6.1745,4.50525,1.22725,23.1,6.54,1
1.905515020638544,3.199324942851129,6.68008384051859,4.728434636496329,0.5840249230066621,23.6,5.94,0
2.8327513377721014,4.309025683491132,5.839214870414056,4.864094357131394,0.1540939409517871,15.6,7.33,0
2.417028891891904,3.837150587034888,5.339479352009365,4.354372018211221,0.0275967692912335,16.0,7.61,0
0.4105,1.923,4.6455,1.186,2.39875,15.2,8.9,1
1.51325,2.671,5.22575,3.9745,2.9295,18.7,6.22,1
5.94075,7.2085,10.371,10.261,4.112,24.2,5.7,1
0.02,1.0705,3.88925,1.637,1.35925,24.3,7.68,1
4.3155,4.93975,7.51375,5.4045,1.97525,20.0,8.85,1
5.8665,6.5155,8.5285,7.379,4.1725,14.5,7.71,1
2.2980121278139483,3.615825980672144,6.911200403150213,5.245058713168701,1.364349759290299,22.4,4.03,0
4.040980853684557,5.840748437990089,8.971534738286536,7.558160335241125,3.682278390448346,25.9,6.55,0
2.0022838611004508,3.215162102041463,6.729720273889882,4.69775343383616,2.4534397491693007,22.6,6.97,0
2.17831665690893,3.6013436136203927,5.426693525166877,4.797979598727072,0.5318395933283506,15.3,7.54,0
5.5695,7.2965,11.95225,11.5315,5.30275,31.4,3.8,1
10.09067093408098,13.040933958948369,16.78320809801328,17.963571311703085,7.663732525787828,23.4,4.17,0
1.52975,2.6985,7.06825,5.39625,2.91575,24.3,8.37,1
4.36225,5.64375,8.413,5.59425,2.65175,19.0,9.67,1
2.6435,4.26325,8.90525,7.291,2.1375,17.7,8.69,1
2.2199556069982243,3.139725208603305,4.112939736369047,4.197534071091072,1.2957704565898638,17.2,5.81,0
3.5999636492691454,5.64511861406939,10.411204542230566,9.107809067891424,2.9800877712167604,26.1,3.56,0
2.013654998324199,3.272127215950737,6.803099518291728,4.736588121783331,1.7869448586783625,22.6,6.97,0
3.848728269175031,5.141264851215544,6.616476377186164,6.128898189844269,3.53982159230952,26.0,5.69,0
5.071448027691977,7.243175935148602,9.526239411667058,7.770661141067112,0.2905946747538033,18.7,8.78,0
4.123,4.83525,7.841,5.21475,2.58025,14.3,8.81,1
2.6599965472171783,4.0680953546485314,6.207392337506619,5.605880536001888,0.6508266340297477,17.4,7.89,0
3.732115377579253,5.435260431246999,7.55362527183357,7.265853973861975,2.080546821134098,17.7,7.11,0
2.16775,3.04775,5.46225,3.9085,1.58475,21.7,8.59,1
4.06525,4.9425,6.80425,3.9745,2.11,26.8,5.92,1
4.101,5.66025,9.22425,8.15725,4.40625,23.0,6.81,1
6.02325,6.95825,9.31225,8.33875,6.0975,17.9,7.68,1
0.8725,3.1165,8.86675,9.337,5.014,18.7,7.61,1
3.6615511381274257,5.6668264440821305,7.47304069095145,4.573144768940905,0.1232774108432505,17.2,9.39,0
10.98425,13.2255,19.0115,19.787,11.845,24.9,5.96,1
5.83625,6.77675,11.16575,11.196,7.42575,32.0,6.38,1
2.172823667678976,3.689003683617075,5.921469212776035,5.505563982681829,0.8421995086258428,17.4,7.88,0
2.16775,4.145,8.1325,6.66675,5.22025,21.8,7.88,1
3.4696824833065723,5.193068897433392,7.52884119695815,6.597590647476659,0.9674793398888564,17.7,7.12,0
4.73075,5.97375,9.3315,7.5495,5.9655,23.2,8.5,1
2.5104279198281723,3.872192145053332,5.273164571095764,4.4617329763298725,0.0921761786861458,16.0,7.61,0
1.9682293867128384,3.2665297372078346,6.773023262916876,4.7730800925518055,2.623667547647805,22.6,6.97,0
4.45025,5.48425,7.698,7.13975,4.9755,20.7,7.12,1
2.489192822514961,3.976740314736868,5.460428786811291,2.8948666091240627,0.016455108298346,17.1,9.75,0
0.51225,2.36575,7.01325,5.3165,1.1145,18.9,6.7,1
4.03225,5.2615,7.67875,5.68225,4.50525,24.6,8.95,1
2.56925,2.84975,4.16425,2.84425,2.25575,27.4,5.84,1
4.959,5.90775,8.93825,6.28725,1.72775,17.0,9.68,1
5.707,6.653,9.96125,8.2535,6.0315,32.6,6.45,1
3.023,3.47125,7.412,4.67025,3.33375,18.2,15.0,1
2.267111225222858,3.7345516666727936,4.622702624706705,2.3317829470061984,0.013579484120989,16.6,9.12,0
4.189,5.36875,8.193,7.346,2.9295,20.6,8.42,1
2.615697520842511,4.32730915753644,6.870760531689341,5.776217850938019,0.0337414475326859,17.8,9.68,0
0.66075,2.23375,6.45775,5.113,1.66175,21.0,6.55,1
2.001146159768921,3.2674118397389265,6.656284819171648,4.847265179368228,2.05008387921777,23.3,9.56,0
2.2363153502970774,3.747694601239055,5.664755356254747,4.958850575185292,0.6226875224255862,15.3,7.54,0
5.25875,6.46875,9.69175,7.1205,5.047,19.4,8.58,1
3.65275,5.07725,8.358,7.60175,3.6665,21.3,8.35,1
3.3695,4.37875,6.8455,4.42275,2.3465,11.9,9.91,1
1.09824129762883,2.563229488609783,5.543527628008759,3.372654395744725,0.1295370408844414,13.9,10.67,0
3.9215821423795454,5.663473296532403,7.715914651746215,7.6107065885243665,1.2330633958270198,22.7,10.43,0
3.21,4.541,7.9235,6.1085,1.96975,22.0,7.86,1
2.0270937942575955,3.2933061761669364,6.790034373472138,4.9575631630842265,2.317353327948463,23.3,9.56,0
7.14525,7.6595,9.0345,7.2415,5.26425,21.2,8.56,1
5.773,6.7905,9.57625,7.61825,4.057,19.0,7.08,1
1.55539002531974,2.3377287155253303,2.620064173876205,2.33669512839104,1.0418699901619837,22.7,9.64,0
3.64725,4.33475,6.71625,5.0745,3.221,23.3,5.96,1
1.7067844128676797,3.097882187608484,5.054841364071498,4.615081239028823,0.5730171384437243,17.4,7.73,0
3.372653490077883,5.177744793334383,7.620895747461942,6.633926629187774,0.9150080583271512,17.7,7.12,0
2.28325,3.70775,6.87575,5.19,3.14125,17.5,7.07,1
2.249767590429689,3.608414131645104,5.406429209831503,4.554886638428439,0.1577978366875248,15.3,7.54,0
1.9907131291862048,3.295161356367048,6.8077764618482535,4.984341375537649,2.2240098322927717,22.6,11.07,0
9.239339948997795,11.871755460416162,15.695396383126411,16.827280398352933,8.295666302905563,23.4,4.17,0
2.451,3.47125,5.63275,4.23575,2.40425,28.5,5.19,1
2.32169762531514,3.749273666808057,5.961118212131926,5.375094062757464,0.5952327991132018,17.2,7.88,0
4.07625,6.1745,9.40575,7.00225,4.50525,22.4,8.41,1
2.0694879798301438,3.471218250268469,5.386867848641347,4.677403367445984,0.5048241949812416,15.2,7.79,0
1.846,2.71775,5.0745,4.1835,1.5875,25.3,5.81,1
12.537214775203788,16.693822665004667,23.169666453102177,24.56658004366772,9.760082669118315,23.5,4.33,0
0.71575,2.462,6.169,5.40175,1.38675,16.8,9.83,1
3.7107795501400416,5.816900445174402,10.3202571101921,9.29891693245039,3.73345251776222,26.1,3.56,0
2.124931908237464,3.400778734721405,6.652643488091668,4.985029935841672,1.2592135162352325,22.4,4.03,0
1.25475,2.9185,7.39825,6.04525,1.78275,21.2,7.77,1
4.55475,5.641,8.47625,7.115,4.6015,19.6,5.26,1
0.05575,1.824,6.57875,4.981,0.4215,19.7,7.41,1
3.9524698686582336,5.72306648739371,7.66491328528619,7.410487008517461,0.7910007228494326,18.2,8.43,0
4.40075,6.4825,9.74675,7.4945,3.46575,16.7,9.6,1
4.1175,5.80325,9.8155,7.7365,6.367,30.0,10.2,1
5.363051172484664,7.206715177106708,8.950876346552677,8.481496362886716,2.0782146162594355,18.4,7.21,0
6.378,7.09025,9.414,9.53225,3.6225,17.6,5.7,1
5.26975,5.69325,7.214,4.5025,3.18525,19.7,9.34,1
5.18175,6.092,8.78975,7.78325,5.51175,21.8,7.0,1
1.34825,2.781,5.80325,4.2715,1.84325,22.1,7.08,1
5.87475,6.961,11.78175,11.647,4.2935,22.8,7.35,1
3.97725,4.761,7.51925,4.42825,2.79475,30.4,6.12,1
4.05425,5.014,7.65675,6.71625,3.3475,16.0,7.48,1
3.5675,3.7215,5.531,3.04775,2.011,31.5,7.44,1
1.73875,3.65275,8.4185,6.8785,3.91125,16.8,8.65,1
3.903,4.43925,6.444,4.81325,2.58575,26.4,7.48,1
2.365431654592905,3.674612420310197,4.567507453606603,2.2979016038638904,0.0752870347624338,16.6,9.12,0
0.2565,2.11825,6.43575,3.4905,1.098,16.3,10.18,1
3.16325,3.97175,5.85,3.11925,1.57925,24.3,7.71,1
2.548514982213252,3.931403997595396,4.785433805090146,2.6070967858407563,0.0106742040262695,17.2,9.01,0
4.69225,5.14325,7.0105,4.82425,2.1045,23.9,6.01,1
2.534319792758024,3.929704484889899,4.810015203086429,2.2828463884542933,0.0021192587195359,17.1,9.15,0
4.01575,5.22575,7.9455,6.25425,3.1055,20.1,7.06,1
1.49675,3.694,8.27275,7.5055,1.96425,15.5,6.89,1
2.576511093660748,4.227460039829125,6.383763316103679,4.79575459395012,0.25223338234309,17.8,9.68,0
1.997956117295348,3.378966128045348,6.622940838771232,4.88558155993416,1.2099801763969853,24.2,5.86,0
4.21375,5.8225,10.86325,6.90325,4.4255,24.7,7.71,1
3.104955691514879,4.607670916527588,5.623484602941182,3.0608889291721835,0.0287440813604716,16.7,8.85,0
5.3495,6.0755,8.08025,6.07275,4.8985,20.0,8.84,1
0.00075,1.75525,6.59525,4.2495,2.1485,22.5,8.47,1
4.2495,5.18175,7.59625,5.75375,4.6455,21.2,8.1,1
7.379,9.18025,14.97175,13.7535,7.5825,31.1,6.28,1
9.554992366153328,12.192584977178065,15.717438970095849,16.763315577758455,7.130988833447269,23.4,4.17,0
2.195032338261156,3.538075084151909,5.4857683393073975,4.703107545611075,0.159989863710763,15.6,7.72,0
1.318,1.9285,3.68575,2.42625,2.2915,33.1,6.48,1
4.57125,5.09925,7.3515,5.42925,4.19725,23.3,8.26,1
2.0297837755645927,3.5782011126922386,5.489636950376971,4.7980648251021005,0.0706343373249734,15.6,7.72,0
5.58875,6.642,9.95025,9.19125,5.179,29.1,5.08,1
4.3925,5.509,8.09675,5.432,1.70025,17.1,7.09,1
4.3485,5.1405,7.82725,6.1195,3.66925,30.2,7.11,1
3.8205,5.02775,7.929,7.24425,2.23925,18.0,9.85,1
5.0635,6.36975,9.49925,7.8905,2.27225,22.5,6.17,1
4.47225,5.4815,7.764,5.971,2.56925,17.4,4.57,1
5.73725,6.6035,8.9905,6.79875,3.49875,21.6,7.65,1
6.367,7.42575,10.85775,8.8915,4.16425,13.6,11.42,1
2.192166068107695,3.622187237792883,7.160080677787602,5.2756797385093375,0.9204568832329024,24.2,5.86,0
1.549,2.5885,5.8995,3.3255,2.2475,31.6,7.52,1
1.8926723736106372,3.2940582694333203,5.235298502062869,4.469145657848094,0.1150046305694779,15.3,7.54,0
2.422873856970135,3.978050124429256,5.307098142705933,2.6845994681789365,0.3738899583399311,17.8,9.32,0
4.02125,4.93425,8.1765,5.85,2.1265,27.5,7.2,1
3.2925,4.1615,7.07375,4.772,2.165,24.4,7.97,1
3.85625,4.453,7.04625,4.959,1.9505,19.4,9.15,1
4.299,6.45225,13.3905,10.95125,2.04675,31.1,7.74,1
9.846052486523572,12.566502263200892,15.936263888988869,17.424934980974506,8.016889064952393,23.4,4.17,0
2.240076018669136,3.675614447914832,7.303275911371646,5.23903210017372,1.5520277938351084,22.5,8.02,0
3.33925,4.013,6.19925,4.827,2.58025,26.4,6.53,1
4.309901079865811,6.565883522889612,10.40997936740774,8.904341626059612,5.104081156605511,25.7,5.76,0
5.56125,7.016,10.56075,8.33325,5.3715,24.2,5.26,1
2.444201354505157,3.4172252923177284,4.547045534422391,4.714830059811979,1.068256265913596,17.2,5.81,0
1.8575981816827856,3.1103971182760035,4.721628460830855,4.024946967869442,0.0078587848071813,15.0,8.0,0
7.58533511608835,10.642335798603389,15.467212613481216,14.810015550746622,4.290632028874147,17.5,7.59,0
2.3334482024415197,3.796828960376684,5.269951864796094,4.531575266961329,0.1022488019735328,16.0,7.61,0
2.206571045462136,3.5984741430927123,5.404710160460038,4.76960793039182,0.3675875462531801,15.6,7.72,0
2.44275,4.1615,8.8695,8.017,5.58325,23.6,6.98,1
3.848,5.5915,8.5725,7.09025,4.62625,18.7,5.2,1
5.53375,6.51,9.194,8.63025,2.60225,18.5,6.51,1
2.618269541910366,4.229826972826319,5.4133474136257,2.7488023455207555,0.0059508132623236,17.2,9.01,0
4.144135630953256,6.079752803449026,8.974050073705106,7.8452363782908225,4.3876046730227705,25.6,6.54,0
3.9789126061898057,6.578408940274027,11.978354154041147,9.92781806022602,4.397309517086764,26.6,5.52,0
2.6545,4.002,6.75475,3.881,1.802,24.9,6.23,1
2.450277857432878,4.121383119411096,5.354710704294643,2.492098766935025,0.1366988454493762,17.5,9.36,0
1.9415560325595231,3.17107593273482,4.7969592004362935,4.013649205439569,0.0202557030425304,15.0,8.0,0
4.027834607832323,5.720646301776789,7.658466309833668,7.689388542672066,1.1425022475752318,22.7,10.43,0
6.3945,7.038,8.66325,6.49075,3.75175,22.2,8.02,1
11.822588591398418,15.644640638752849,20.72397746670196,22.701687745882907,9.806537327012192,23.5,4.33,0
5.04975,5.7565,9.095,7.07925,4.10375,28.6,6.35,1
4.343,5.35775,8.23425,6.20475,4.8325,19.1,7.35,1
5.553,6.90325,10.09325,9.63125,3.64175,22.5,5.73,1
9.858987692980818,14.851069120122808,23.00256242406763,14.483643311742798,1.2262271733763983,16.7,9.28,0
3.75175,4.4145,6.2515,3.9195,2.34375,19.6,8.34,1
3.313464617372111,5.050434763852264,7.206810074135555,6.284806771442084,0.4411595448156364,17.7,7.12,0
5.6135,6.98575,10.32975,6.829,5.4705,23.7,8.76,1
5.06952538459866,7.045463175164664,9.279192032433672,7.361918397584948,0.1344652045270923,18.7,8.78,0
3.79575,4.36775,6.5595,4.0625,3.232,31.9,7.45,1
2.18778932905476,3.722243184545512,5.823755351646362,5.479197056679385,0.5871486280200865,17.4,7.88,0
1.83225,3.13575,6.80425,4.73625,4.48875,24.9,5.82,1
9.528149587105608,12.213361227973571,15.80351444800131,16.94989520649208,8.115619935084194,23.4,4.17,0
2.5016254573424086,3.431177891754733,3.742501739264136,3.0689404729212915,1.0732090367619411,23.0,9.71,0
4.9095,6.2955,8.71,6.07,3.91125,20.4,6.35,1
1.982571015633491,3.387211403964115,5.223833874897207,4.448226024340372,0.2341307612918984,15.3,7.54,0
4.82975,5.355,7.2745,5.3165,4.1395,18.9,9.28,1
6.3945,7.764,10.63225,8.30575,3.3365,18.8,9.0,1
3.178501567101081,4.738787528712326,5.765380987206077,2.9948970221971525,0.0213224293464652,16.7,8.85,0
5.927,6.82625,9.1445,6.18275,4.552,22.6,8.62,1
7.45325,8.90525,12.98625,10.9375,7.1425,28.7,7.8,1
1.88175,2.737,4.8655,3.672,2.19525,17.9,9.09,1
9.82324189691936,12.669714515803362,16.4486829264202,17.792717399053476,6.707876700816739,23.4,4.17,0
2.6214921909470363,3.642006086644428,4.818926884322263,4.1994140270988325,2.9868077571876386,26.0,5.69,0
8.42675,9.62025,13.41525,12.73875,4.59875,27.2,8.13,1
2.3936012188962352,3.960251154454719,5.091613281954966,2.21219121830008,0.2126945701937896,17.8,9.32,0
0.328,1.08425,2.693,1.80475,1.46375,31.8,6.87,1
2.11233281685366,3.49666480378621,6.89372247240053,5.06392257179795,1.431456466144057,24.2,5.86,0
3.01475,3.2155,4.93425,3.19075,2.1265,20.8,10.93,1
2.8329307809351905,4.489945529683729,5.644221955035297,2.881392926760476,0.0035304325209095,16.7,8.85,0
3.617,4.629,7.77775,7.38175,3.46575,31.5,5.98,1
2.352683389362276,3.73503500862372,5.720161728728429,5.335251567387632,0.93862768866427,17.2,7.88,0
4.221361982230865,6.784598927410833,12.142108699805952,10.150328126356577,3.3158375247144085,26.6,5.52,0
5.754566768543304,7.769145793810652,9.810468026245244,9.442184591037469,1.6820133872648877,18.4,7.21,0
2.5555,3.73525,6.9005,3.98,2.07975,22.5,7.2,1
1.9715910511240355,3.371493160653427,5.260672439917397,4.577266418840489,0.3957852712173265,15.2,7.79,0
4.445439202465797,6.541838507925161,9.031820114669834,9.03177801355427,1.1005081915935682,23.0,9.71,0
0.0695,1.06225,2.3685,0.02275,0.4435,24.0,7.68,1
3.6094181140380193,5.322347525404568,7.692815892317546,6.769844657881813,2.875286150490048,26.3,5.37,0
3.6335,4.695,7.5055,6.34225,2.8085,16.1,7.17,1
6.2735,7.0985,9.00975,7.28825,4.4145,30.5,9.61,1
0.6415,3.15775,8.95475,5.52275,3.32275,32.4,4.35,1
2.393581415226229,4.09669972657231,5.388542323642771,2.662275972731177,0.0009438872821711,16.7,8.85,0
3.958,5.201,8.57525,5.3385,3.8755,32.5,6.8,1
3.3695,5.00575,7.6705,6.3725,4.80225,17.1,6.47,1
1.648,3.81775,8.6605,7.1535,1.6975,13.6,7.62,1
4.0327966855582185,5.831725986742259,7.984930231207126,7.8020726571924675,1.1871461345409788,22.7,10.43,0
5.861,6.598,9.12525,6.90325,3.144,18.2,9.22,1
4.3375,5.68775,9.04,8.149,4.01025,19.6,7.53,1
2.5792605437451868,4.017697082598823,6.242947907540157,4.9004993360690365,0.9742533919754492,18.2,9.26,0
1.208,2.71225,5.78675,4.0405,2.594,19.4,6.96,1
2.2435808794489205,3.8349945337178473,5.334681422555589,2.7842128936699417,0.0087630619207338,17.1,9.75,0
3.8315,3.991,5.79775,3.96075,3.628,26.8,11.3,1
1.68375,2.6105,4.37875,2.99825,1.461,21.6,9.38,1
2.5352041141490003,3.9710672544271897,6.076124936631931,5.484277479102556,0.7872308812594849,17.4,7.89,0
3.4566333543459398,5.084089020078607,7.43879882151973,6.45253272066704,2.57218349517192,26.3,5.37,0
4.87857213914516,7.07168542213863,9.51756841367304,8.178571027186567,0.2043087056496932,18.7,8.78,0
2.75625,3.683,6.99675,6.4,2.3355,30.8,4.38,1
1.7371514719388024,3.1943629071316044,5.093182080529786,4.71760690794845,0.4209588643127867,17.4,7.73,0
3.27325,5.1845,9.161,6.455,3.75175,19.0,9.1,1
1.8328193548510483,3.182238151582355,4.851206921062387,4.165986451661395,0.7945660139573107,15.2,7.79,0
5.2175,6.90325,12.34,13.34925,6.7575,33.5,6.25,1
3.4832634571691967,5.447330540582222,7.300436249527959,4.337386933972877,0.0475340650810991,17.2,9.39,0
6.29275,6.741,9.2765,6.39725,5.03875,27.6,7.52,1
2.3006914781719403,3.655300889205339,7.32385522905521,5.27613791096843,1.8594862676799533,22.5,8.02,0
4.70325,5.1625,5.20925,2.5555,2.40425,24.0,8.29,1
3.804,4.68125,7.291,4.299,2.143,17.8,9.6,1
2.163740433421089,3.4669397612078137,7.092672682276649,5.118424619331292,1.6563749142359163,23.8,5.56,0
9.325375892506136,14.354847389396198,22.524494418516035,16.098188738316964,1.811031537972729,16.7,9.28,0
1.1714447225124178,2.553167871108128,5.273693698885309,3.1391011275426504,0.4606163345304198,13.9,10.67,0
1.939541220345356,3.3141328725322405,6.7819089003762185,5.059718566665349,2.55089088347388,22.6,11.07,0
1.51325,2.44825,4.6895,3.2925,2.176,24.6,7.23,1
4.73075,5.355,7.4835,6.246,4.67025,18.1,5.94,1
2.5885,3.39975,5.25325,2.924,2.429,18.9,8.99,1
0.207,1.571,4.233,2.869,1.54625,26.7,10.87,1
3.9635,4.89575,7.55225,6.2405,3.19625,18.8,6.93,1
