SR_B1,SR_B2,SR_B3,SR_B4,SR_B5,阨恲,⺌賤欬
4.57675,5.59425,8.2975,4.64825,2.4015,16.6,10.08
6.02325,6.95825,9.31225,8.33875,6.0975,17.9,7.68
4.57675,5.59425,8.2975,4.64825,2.4015,16.6,10.08
3.804,5.289,9.084,6.1965,2.0165,18.8,9.4
3.254,4.464,6.8235,4.3485,3.034,16.9,9.45
4.16975,5.74825,9.2985,6.28175,5.31925,27.3,8.75
4.9645,5.75925,8.413,5.3825,2.98175,24.3,7.9
3.16325,3.97175,5.85,3.11925,1.57925,24.3,7.71
4.398,5.487,8.39375,5.06075,2.308,23.9,8.35
2.78375,4.50525,7.88225,5.3055,3.97175,26.9,6.96
3.64725,5.311,8.8585,6.037,3.76275,23.2,8.25
5.2285,5.86375,7.247,4.2495,2.847,20.7,9.04
2.7865,3.7765,6.02325,3.33925,1.86525,16.9,9.3
3.672,4.937,7.86575,4.35125,2.374,19.2,9.23
2.68475,4.63725,7.6485,4.9975,2.682,21.3,8.37
0.17675,0.9825,2.2145,0.28675,0.3335,19.6,7.55
5.94075,7.2085,10.371,10.261,4.112,24.2,5.7
6.85375,7.5275,10.04925,8.78975,4.71975,23.7,7.04
3.0725,4.167,6.81525,4.7225,3.17425,24.4,7.2
3.63625,4.926,8.204,7.4835,2.65725,23.4,5.99
2.77,4.42275,7.81625,5.24775,1.7745,23.5,6.03
1.81025,3.705,8.34425,6.3725,2.67925,23.9,6.29
2.44275,4.1615,8.8695,8.017,5.58325,23.6,6.98
5.78125,7.28275,11.17125,10.217,5.6465,23.7,4.64
0.515,2.81125,7.68425,5.42375,0.2345,24.3,5.02
2.682,4.90125,9.86225,8.9245,2.0165,24.4,5.34
3.27325,5.00025,9.39475,8.50375,2.7755,23.3,5.84
4.321,5.85825,9.4855,7.09575,2.4235,23.6,5.87
2.53075,3.40525,6.6695,5.4705,3.12475,22.8,6.46
4.0625,5.289,9.04275,7.18375,2.20075,24.1,7.36
2.5555,3.73525,6.9005,3.98,2.07975,22.5,7.2
2.23925,3.98,8.59175,4.77475,1.7855,22.6,8.68
1.6315,3.17975,7.13975,4.14775,1.81575,24.1,8.19
2.54175,3.87,7.06,5.87475,3.7435,24.4,5.33
4.959,6.301,10.6295,7.643,2.92675,23.4,7.92
6.202,7.1645,9.85675,7.0765,2.968,21.7,8.63
1.34825,2.781,5.80325,4.2715,1.84325,22.1,7.08
5.8445,7.31575,10.52775,10.646,6.6255,21.8,7.21
3.21,4.541,7.9235,6.1085,1.96975,22,7.86
5.99575,7.10675,10.2665,7.72275,2.87725,22.1,7.73
2.16775,4.145,8.1325,6.66675,5.22025,21.8,7.88
4.618,5.861,9.2325,8.3415,4.6785,20.9,7.4
5.0635,6.36975,9.49925,7.8905,2.27225,22.5,6.17
0.87525,2.99,7.83,6.862,0.713,23,6.57
3.07525,4.85175,8.97125,7.34875,1.99725,21.9,6.73
2.748,4.4695,8.7265,6.98025,2.352,22,6.84
4.22475,5.05525,8.80625,7.346,4.17525,20.3,7.61
5.3385,6.3835,10.06575,7.82725,2.55275,22,7.94
7.11775,7.6815,10.184,7.71725,3.078,22.4,8.28
3.4135,4.222,6.7465,5.3165,3.03125,21.7,6.57
5.59425,7.00775,11.50125,8.589,3.36125,20.7,8.62
5.1955,6.2735,9.645,8.08025,3.00375,20.8,5.6
4.20275,5.24775,8.42675,7.44225,5.553,18.4,7.36
0.8725,3.1165,8.86675,9.337,5.014,18.7,7.61
1.51325,2.671,5.22575,3.9745,2.9295,18.7,6.22
3.0725,4.167,6.81525,4.7225,3.17425,24.4,7.2
6.719,7.93175,10.602,8.32775,3.925,21.4,7.8
1.34825,2.781,5.80325,4.2715,1.84325,22.1,7.08
7.77775,9.0125,15.277,13.858,4.41725,17.1,9.42
7.77775,9.0125,15.277,13.858,4.41725,17.1,9.42
5.87475,6.961,11.78175,11.647,4.2935,22.8,7.35
0.4545,1.6205,4.1835,2.8305,2.28325,23.5,8.08
5.87475,6.961,11.78175,11.647,4.2935,22.8,7.35
1.4115,2.055,4.1395,3.07525,1.94225,17.1,8.24
5.17625,6.35875,11.17125,10.536,4.0515,17.6,9.34
1.1805,2.17875,4.26325,2.94875,2.14575,17.4,10.97
2.52525,3.1495,5.7565,3.72425,2.2145,17.2,10.35
3.485,3.3475,3.32275,2.14025,1.61775,17.4,6.71
5.377,6.389,8.93825,7.40375,2.09075,17.5,7.17
4.68125,5.443,7.62925,6.27625,3.25125,17.3,8.73
4.959,5.90775,8.93825,6.28725,1.72775,17,9.68
0.71575,2.462,6.169,5.40175,1.38675,16.8,9.83
3.8205,5.02775,7.929,7.24425,2.23925,18,9.85
5.02225,5.91325,8.44875,6.58975,2.2805,16.8,8.6
2.9845,4.79125,9.15,6.69425,1.5985,16.8,8.94
1.73875,3.65275,8.4185,6.8785,3.91125,16.8,8.65
3.6335,4.695,7.5055,6.34225,2.8085,16.1,7.17
5.53375,6.51,9.194,8.63025,2.60225,18.5,6.51
6.378,7.09025,9.414,9.53225,3.6225,17.6,5.7
3.9745,5.2175,8.74575,8.69625,2.75625,16.6,8.24
4.51075,5.729,8.8475,8.20675,2.396,16.7,8.79
4.123,4.83525,7.841,5.21475,2.58025,14.3,8.81
3.79575,4.354,6.202,3.672,1.67275,16.8,8.93
0.02275,1.36475,5.20375,2.45375,0.592,15.1,10.63
3.3585,4.43375,7.027,5.982,2.54725,17.4,6.33
6.07,6.91975,10.69,7.63475,2.53625,15.5,9.98
6.40825,7.17825,9.1115,6.851,3.496,16.5,9.09
1.43075,2.2805,4.563,2.70125,1.681,17.5,10.18
4.36225,5.64375,8.413,5.59425,2.65175,19,9.67
3.3695,4.37875,6.8455,4.42275,2.3465,11.9,9.91
5.432,6.06725,7.62925,4.618,3.35025,15.2,10.42
4.354,4.88475,6.312,4.0295,2.48675,13.7,9.36
4.574,5.68225,8.479,4.8765,2.5225,12.7,10.37
4.40075,6.4825,9.74675,7.4945,3.46575,16.7,9.6
3.92775,3.82875,3.804,2.73975,2.3245,16,6.92
0.81475,1.67275,3.089,1.56,1.50225,16.1,7.99
5.74825,6.73275,9.23525,7.10675,3.1715,16.1,7.26
0.801,2.7095,6.95275,3.86175,1.53525,15.5,10.21
5.50075,6.83725,9.32325,8.6275,4.63725,15.4,12.62
4.29625,5.61625,8.2535,6.93075,3.67475,15.4,7.12
5.8995,6.8565,9.095,7.3075,3.49875,14.7,9.13
5.74,6.994,10.008,8.1435,3.51525,15.8,9.56
5.8665,6.5155,8.5285,7.379,4.1725,14.5,7.71
6.8345,7.76125,10.085,8.897,3.58675,17.2,7.19
7.434,8.3085,10.63775,10.1675,4.23575,16.7,6.3
4.783,6.268,9.5185,8.44325,4.57125,15.2,8.85
4.57675,6.059,9.2765,8.314,3.86175,15.2,9.14
4.03225,5.10475,8.18475,5.8995,4.1395,13.2,10.26
5.553,6.61725,9.4085,6.54575,3.375,15.9,10.24
4.9865,5.3055,6.8015,4.7225,3.232,13.3,10.24
4.1505,5.25325,7.86575,5.17075,3.2485,15.9,10.33
0.2565,2.11825,6.43575,3.4905,1.098,16.3,10.18
4.508,5.597,8.11875,6.95,3.881,18,6.06
6.367,7.42575,10.85775,8.8915,4.16425,13.6,11.42
6.136,7.093,9.58725,7.96475,3.441,14,8.69
4.398,5.91875,8.82,6.50175,4.0405,15.1,10.25
3.3695,5.00575,7.6705,6.3725,4.80225,17.1,6.47
4.3045,4.96175,6.61725,4.30725,2.3135,19,9.54
5.036,6.29,10.756,9.46075,4.1945,21,10.05
5.79225,6.21025,6.77675,4.24125,3.9195,18.8,9.34
5.46775,6.35325,8.853,7.3075,3.6005,20.5,8.33
5.57775,5.84175,7.04075,4.981,3.331,18.7,10.36
4.57675,5.65475,7.9785,6.67775,3.40525,19.8,8.9
3.87275,5.124,7.43675,6.0425,4.37325,20.4,5.85
5.53925,6.653,9.07575,7.082,4.0625,18.7,7.86
6.02325,6.80425,9.48275,7.95375,3.94975,19.3,8.59
4.9315,5.817,8.171,6.8895,5.43475,20.8,7.21
0.17675,1.93125,6.51825,4.84075,1.3235,21.6,7.39
1.25475,2.9185,7.39825,6.04525,1.78275,21.2,7.77
4.3375,5.68775,9.04,8.149,4.01025,19.6,7.53
4.36225,5.68775,8.8695,7.731,4.03225,19.6,8.05
6.20475,7.15075,10.085,7.6595,4.9095,20.9,9.08
4.82975,5.355,7.2745,5.3165,4.1395,18.9,9.28
4.4695,5.4595,7.60725,5.5695,4.68675,19.5,10.46
6.39175,6.56225,7.258,5.61625,4.1395,19.2,10.6
4.35675,5.41,8.2315,7.07925,4.82975,23.1,7.4
4.70875,5.94625,9.304,7.33225,5.553,19.1,9.76
6.4825,7.23875,10.3985,9.19675,4.08175,18.5,7.62
6.4385,7.12325,9.161,6.818,3.6005,19.9,8.96
5.26975,5.69325,7.214,4.5025,3.18525,19.7,9.34
5.75925,6.4825,8.1655,6.83725,5.04425,20.6,7.96
2.77,3.49325,5.17625,3.63075,2.38775,20.6,8.92
5.234,6.29275,8.41025,6.6915,3.815,19.7,7.98
6.543,6.89775,8.1655,5.95175,4.07625,20.8,9.07
3.63075,4.07075,5.9655,3.7105,1.42525,18.3,8.79
1.516,2.715,5.92425,4.6455,0.141,18.8,6.69
1.89,2.87175,5.40175,4.06525,1.329,20.9,8.26
3.30625,4.068,5.81425,3.6775,2.638,17.9,9.36
4.32925,5.11025,7.1425,4.695,3.08075,21.2,8.4
3.75175,4.4145,6.2515,3.9195,2.34375,19.6,8.34
4.574,5.34675,7.82725,4.871,2.39875,18.5,8.9
4.28525,6.279,9.491,7.31025,5.3935,20.7,8.43
5.27525,5.49525,5.696,2.84425,2.2145,19.7,9.34
5.3605,6.6805,10.9595,10.3655,5.608,22.2,6.65
5.0415,5.63825,6.389,3.09725,2.40425,19.7,9.27
5.73725,6.6035,8.9905,6.79875,3.49875,21.6,7.65
6.2405,6.763,8.00325,5.23125,3.166,19.8,9.64
4.42,5.091,6.80975,5.0195,3.29525,21.8,8.33
3.8865,5.388,7.896,5.8005,3.76,20.8,5.81
4.9095,6.2955,8.71,6.07,3.91125,20.4,6.35
5.39625,6.41375,9.161,6.56775,4.04325,20.5,8.11
7.18925,8.40475,10.46175,8.82,6.83725,20.7,7.68
4.68675,5.64375,7.81625,6.279,4.5685,21.8,6.31
6.28725,7.01325,9.051,6.98025,3.57575,22,6.34
6.84825,7.56325,9.37825,7.22775,3.63075,21.7,5.44
4.332,6.037,9.2105,7.05725,3.96075,20.6,7.07
4.12025,5.6795,8.7155,6.79875,3.90575,20.7,6.88
1.263,3.68025,9.57625,6.455,2.4125,22,7.11
5.21475,5.6685,7.39825,5.2725,3.73525,19.6,9.19
4.332,5.35225,8.0115,5.5915,3.93875,20.4,9.74
7.51925,8.00325,9.612,6.52925,3.63075,20.7,10.08
4.101,5.14325,7.39275,6.03425,4.277,23.3,7.64
5.3495,6.0755,8.08025,6.07275,4.8985,20,8.84
6.03975,6.9775,9.128,6.34775,3.2045,20.5,7.42
6.0315,6.5265,7.72,5.223,3.507,21.1,8.61
1.84875,2.73975,5.02225,2.71775,2.33825,20,9.36
4.9425,5.542,7.709,6.51,4.80225,20.9,8.1
1.68375,2.6105,4.37875,2.99825,1.461,21.6,9.38
4.01575,5.22575,7.9455,6.25425,3.1055,20.1,7.06
4.266,4.838,6.43575,4.4915,2.66,21.8,8.69
7.17275,8.22875,10.15925,8.666,6.18275,20.3,7.17
7.14525,7.6595,9.0345,7.2415,5.26425,21.2,8.56
4.7225,6.147,9.43325,7.81625,5.861,22.5,9.1
5.74,6.466,8.97675,6.88125,5.27525,24.3,8
1.4995,2.55275,5.45675,3.19625,3.2155,22.9,9.08
4.31825,5.92975,9.42225,7.137,5.8115,24.3,8.2
7.68975,8.33325,9.65875,6.06725,5.55575,23.7,9.71
3.43,4.16975,5.64925,4.30725,3.5895,21.2,9.74
5.85,6.829,9.051,6.983,3.848,20.7,7.41
4.629,5.5035,7.808,5.91875,3.683,23.1,8.26
6.136,7.60175,10.93475,7.84375,7.0545,24,8.68
0.75425,2.1155,6.224,0.44075,4.10925,24.7,8.86
3.96075,4.86,6.74925,5.04425,3.617,23.2,7.22
6.3945,7.038,8.66325,6.49075,3.75175,22.2,8.02
6.4935,6.9665,8.22325,6.46325,4.98375,24.7,7.89
6.22125,7.64575,11.27025,9.39475,6.74375,23.3,8.43
5.58875,6.642,9.95025,9.19125,5.179,29.1,5.08
7.01875,8.36075,12.63425,9.579,4.75275,30.3,7.62
6.9335,8.292,11.779,11.3225,7.7145,27.5,4.65
6.29275,6.741,9.2765,6.39725,5.03875,27.6,7.52
0.57825,1.835,5.982,2.836,1.1365,27.8,7
9.09225,10.34075,14.17425,13.47025,7.5,28.2,7.12
0.46,1.68925,6.1415,4.82425,2.31075,27,5.89
6.59525,8.22325,13.8195,14.14675,4.7445,29.5,5.65
5.86925,7.53575,12.49675,13.143,5.96275,26.2,3.9
8.42675,9.62025,13.41525,12.73875,4.59875,27.2,8.13
3.617,4.629,7.77775,7.38175,3.46575,31.5,5.98
3.628,4.05425,6.59525,3.78475,3.26225,31.1,7.33
2.56925,2.84975,4.16425,2.84425,2.25575,27.4,5.84
4.299,6.45225,13.3905,10.95125,2.04675,31.1,7.74
4.02675,5.86375,10.6735,9.293,6.147,28.9,4.88
6.279,7.13425,10.25,9.30675,4.62075,24.9,6.64
1.97525,4.37325,11.95775,11.29775,5.28625,31.4,8.13
7.4175,8.2865,12.813,12.06775,5.78125,28.1,8.09
5.6245,7.4945,12.26575,10.61025,6.411,30.8,6.18
7.92625,9.392,13.54175,11.40225,8.336,27.6,5.22
4.40625,5.79225,13.286,7.896,1.274,30.4,7.08
8.974,10.7835,15.79125,12.84325,8.677,29,5.44
3.82875,4.7885,9.0895,6.07,3.91125,29.6,7.22
2.28875,3.496,6.67225,4.5795,0.724,29.7,7.65
5.44025,6.98025,11.636,9.75775,6.00125,29.8,6.56
5.04975,5.7565,9.095,7.07925,4.10375,28.6,6.35
6.609,7.357,12.35375,14.089,5.72075,32.1,8.12
1.0265,1.56825,3.7105,2.49775,1.68925,32.8,4.51
1.318,1.9285,3.68575,2.42625,2.2915,33.1,6.48
3.5675,3.7215,5.531,3.04775,2.011,31.5,7.44
4.44475,5.83075,10.7175,9.821,5.56125,26.9,14.37
2.88,4.07075,7.027,4.46675,2.5995,31.4,7.86
4.54375,4.90675,7.00775,5.35775,3.9855,31.5,8.76
0.2015,1.48575,5.04975,2.51975,0.58375,31.2,4.37
3.6005,4.717,8.24525,5.67675,4.607,31.4,4.95
3.056,4.45575,7.621,5.61075,4.266,31.5,5.76
0.042,1.417,3.386,0.23175,0.6745,30.2,8.02
4.53275,6.08925,10.976,8.78425,6.85375,32.1,6.67
1.549,2.5885,5.8995,3.3255,2.2475,31.6,7.52
5.2175,6.90325,12.34,13.34925,6.7575,33.5,6.25
1.747,2.803,6.3285,4.12575,1.395,30.9,6.48
0.77075,1.52975,3.2375,2.2145,1.69475,32.2,10.29
4.2715,4.97,6.77125,5.36875,2.93775,31.6,7.7
5.9655,6.3285,8.809,6.4055,5.73725,31.2,7.29
0.94125,1.857,4.893,3.87,1.26575,31.6,2.84
1.10075,2.08525,5.52,2.5005,3.34475,32.9,11.4
2.03575,2.63525,6.444,3.4355,2.8965,32.9,6.36
3.65825,4.596,8.4075,5.88575,4.93975,32.2,6.49
5.6465,6.5815,9.18575,7.4835,5.47875,33.2,6.46
3.79575,4.36775,6.5595,4.0625,3.232,31.9,7.45
1.483,2.48675,3.859,0.17125,1.18875,32.4,8.25
1.648,2.4345,5.05525,2.748,3.36125,29.6,8.03
2.0385,2.9735,5.52,3.87825,2.51975,33.2,2.73
0.2675,0.5645,2.53625,0.9275,1.04025,32.8,6.58
4.519,5.5695,7.841,5.20375,2.75075,32.3,5.04
5.14875,6.21575,9.30675,7.05175,4.87925,31.2,7.15
1.0045,1.714,4.1615,2.528,1.59575,32,6.99
1.78,2.58575,5.256,3.7105,2.47575,32,5.46
4.07075,6.50725,9.392,7.478,6.0095,32.1,6.69
0.867,2.165,6.74375,4.332,3.3695,32.1,6.95
5.84725,6.9115,9.645,6.12775,5.32475,32.1,6.74
1.7195,3.21,7.5495,4.354,4.34575,32.4,8.44
4.024,5.18725,8.578,5.6355,4.50525,32.3,6.23
1.5435,3.6555,7.76675,5.289,4.53,32.5,6.38
5.17075,6.84,10.51675,7.51925,4.37875,33.2,3.64
0.6415,3.15775,8.95475,5.52275,3.32275,32.4,4.35
5.6025,6.532,9.1335,5.575,4.17525,30.4,7.66
4.02125,5.1845,8.6495,5.5035,5.5255,29.7,6.61
5.41275,6.60075,9.2325,6.0315,3.331,31.1,6.18
2.451,3.47125,5.63275,4.23575,2.40425,28.5,5.19
3.5015,4.45575,6.9115,4.3375,2.21175,28.7,6.2
4.1285,4.75275,6.807,5.135,2.82775,26.4,7.34
6.11675,7.8465,13.704,14.46025,4.63725,26.3,4.19
4.86275,6.829,12.901,12.0925,5.73175,25.9,6.88
0.0695,1.06225,2.3685,0.02275,0.4435,24,7.68
4.6235,6.015,9.90625,7.20575,2.87175,25,6.33
3.474,5.2725,9.11425,6.972,5.201,27,6.94
5.5475,6.5595,10.15375,8.87225,5.7895,25.4,6.69
0.58375,1.66725,5.06625,2.9625,1.8845,28.4,7.89
3.76825,5.02225,7.753,5.66575,2.31625,26.5,3.63
5.91325,7.62375,12.17225,9.14725,7.06825,29.2,6.93
1.527,2.29975,5.6025,2.68475,1.934,23.5,7.61
4.47775,5.036,7.3185,5.58325,3.243,24.4,7.81
6.466,7.324,12.12825,11.328,4.51075,22.8,7.04
2.37125,3.17425,6.059,5.069,1.74975,24.1,6.57
2.6435,3.34475,6.1745,4.50525,1.22725,23.1,6.54
5.399,5.8885,9.326,8.22875,5.45675,23.5,7.72
4.12575,4.7995,7.654,6.5595,4.992,24.3,7.6
1.846,2.71775,5.0745,4.1835,1.5875,25.3,5.81
1.9285,2.8305,5.08,3.3145,2.957,25.1,9.27
3.8315,3.991,5.79775,3.96075,3.628,26.8,11.3
3.1055,3.43275,3.595,1.54075,1.54625,26.6,8.1
7.61825,9.10875,13.0385,9.7385,8.49275,26.5,7.46
0.2455,0.9605,2.748,0.96325,1.2685,25.5,7.72
0.207,1.571,4.233,2.869,1.54625,26.7,10.87
2.6875,4.046,7.27725,5.40725,4.3925,21,3.67
2.85525,4.32375,7.049,5.26975,2.73975,23.8,6.72
0.00075,1.75525,6.59525,4.2495,2.1485,22.5,8.47
5.93525,7.203,13.32175,13.682,3.55925,22.9,7.7
2.94875,4.14775,7.863,5.828,3.74075,21.8,7.2
3.17425,3.782,5.98475,4.26325,2.1375,24.9,7.11
3.3255,3.99375,6.4385,5.5255,1.824,20.1,5.76
1.34275,2.53075,5.27525,3.243,1.29325,23.1,8.84
3.27875,3.98275,7.3955,4.49975,2.957,22.9,7.71
4.57125,5.09925,7.3515,5.42925,4.19725,23.3,8.26
4.70325,5.1625,5.20925,2.5555,2.40425,24,8.29
5.223,6.488,9.75225,8.4185,2.64075,22.8,6.13
3.79575,5.0745,7.41475,5.9985,4.442,23.8,7.5
7.31025,7.852,10.47,8.677,4.8435,23.6,6.45
4.343,5.58875,8.70725,6.5815,3.67475,22.9,6.29
4.31275,5.64375,8.75125,6.796,3.2375,24.2,6.52
1.6425,3.6665,8.886,6.85375,2.33275,23.5,6.98
5.553,6.90325,10.09325,9.63125,3.64175,22.5,5.73
6.95825,8.12975,10.76975,9.70275,3.683,24.6,5.12
4.101,5.66025,9.22425,8.15725,4.40625,23,6.81
3.0505,4.7995,8.413,6.73825,3.5565,24.2,6.87
3.7655,4.85725,7.5165,5.28075,4.145,24.2,7.18
3.64725,4.33475,6.71625,5.0745,3.221,23.3,5.96
2.429,3.298,5.685,4.068,3.64175,19.8,11.05
3.3255,4.772,8.006,6.32575,3.85075,21.4,5.6
6.72725,7.885,10.756,9.32875,3.375,20.7,7.66
2.1485,3.06425,5.00575,2.63525,1.8295,21.1,8.09
2.41525,4.288,7.92625,6.33675,3.749,22.4,8.15
4.34575,5.24225,8.05825,6.10025,3.5455,22.2,9.04
6.356,7.698,14.09175,14.804,3.93875,20,8.24
4.2495,5.18175,7.59625,5.75375,4.6455,21.2,8.1
3.1825,3.7765,5.707,3.89475,1.99725,22.5,8.22
3.54825,4.354,6.72725,5.0745,1.7305,19.8,7.46
0.0695,1.3785,5.16525,3.76275,0.636,23.8,6.56
2.69025,3.41075,5.4485,3.9085,1.87075,21.8,7.43
2.16775,3.04775,5.46225,3.9085,1.58475,21.7,8.59
3.01475,3.2155,4.93425,3.19075,2.1265,20.8,10.93
3.6445,4.47225,7.15075,5.311,3.47125,22.1,6.8
2.957,3.54,5.8225,4.255,3.74625,21.2,10.5
2.385,3.70225,7.03525,5.00025,3.7545,20.5,8.24
1.4005,2.506,5.2835,4.11475,2.44,20.5,8.36
4.5025,6.246,11.966,12.6755,3.8205,19.7,6.87
1.3785,2.61875,6.1195,4.4365,2.90475,21.4,10.5
2.88,3.3585,5.6135,3.65825,2.77825,20.5,9.75
4.13675,5.3715,8.75675,8.5945,2.506,20.1,6.97
3.617,4.7775,6.62,5.29175,3.73525,20.4,8.82
5.69325,6.5925,9.953,9.17475,4.9095,19.1,7.62
4.78575,5.322,7.09575,4.57675,1.79925,20.6,9.06
4.53825,5.39075,7.75575,6.004,2.14025,20.6,7.56
4.0515,5.00025,7.6045,7.368,2.73425,20,7.25
4.508,5.29175,8.0775,6.62275,1.857,20,7.85
5.20375,6.34225,9.469,7.1975,2.31075,18.2,8.23
3.56475,4.52175,7.46425,6.40825,2.4565,21.2,6.78
5.15975,6.257,9.03175,7.3515,1.85975,20,6.33
5.81975,6.8785,9.48825,8.41575,2.4895,18.4,6.07
4.38975,5.718,9.15,8.501,2.3905,20.5,7.76
4.18075,5.71525,9.271,7.137,1.94775,19.4,7.44
3.08075,3.7325,6.15525,3.6555,2.077,19.7,9.39
4.3155,4.93975,7.51375,5.4045,1.97525,20,8.85
0.03925,1.1805,4.32375,2.759,0.79825,18.8,7.78
3.0175,3.46025,5.5035,3.749,2.26675,18.9,10.75
5.1845,5.51175,7.26075,4.78575,1.89275,21.9,10.39
4.30725,4.37325,5.99025,3.93875,2.09625,20.6,11.16
5.003,5.773,8.81175,7.2635,2.055,20.7,6.85
3.2705,4.05975,5.7345,3.11375,1.4445,22,9.28
0.74875,1.76075,4.34025,3.122,1.307,19.2,9.65
1.2025,2.6105,5.79225,4.211,3.20725,20.7,16.05
4.189,5.36875,8.193,7.346,2.9295,20.6,8.42
3.85625,4.453,7.04625,4.959,1.9505,19.4,9.15
0.7295,2.4125,6.92525,4.607,2.11825,20.2,9.82
4.3045,5.2505,8.09125,6.07275,5.00575,18.6,6.68
2.62975,3.7325,6.07,4.31275,2.979,20.7,8.91
4.21375,4.387,5.99025,4.18075,3.47125,19.7,11.17
3.6335,4.1835,6.114,4.1615,2.132,17.1,8.95
2.59675,3.2595,5.1295,3.441,2.81675,19.4,10.06
0.54525,1.978,5.124,3.9305,2.858,20.6,5.33
2.86625,3.97175,6.37525,4.63725,3.70775,17.9,4.48
2.308,3.55375,5.817,4.62625,2.36025,20.1,4.62
4.18075,4.574,6.3175,4.1175,1.76625,19.5,10.75
3.38325,3.7655,5.52,3.6665,1.27675,19.8,8.96
1.7085,2.20075,4.0295,2.41525,0.889,19.6,9.85
1.90925,3.22925,7.049,4.98375,2.49225,19.6,8.62
2.88825,3.79575,5.83625,4.60425,3.452,20.6,7.52
4.96175,6.34775,9.5185,7.7695,3.0615,19.3,7.08
4.45025,5.48425,7.698,7.13975,4.9755,20.7,7.12
0.7405,2.649,6.906,5.31375,3.1165,20.6,7
4.3485,5.608,8.15175,7.4945,4.74175,18.8,4.99
2.44,4.19175,8.193,7.291,3.15225,21.2,6.4
4.93975,6.43025,10.2115,8.5175,4.1285,19.9,7.34
2.968,4.7445,8.42125,7.09025,5.07175,22.3,7.38
4.55475,5.641,8.47625,7.115,4.6015,19.6,5.26
0.51225,2.36575,7.01325,5.3165,1.1145,18.9,6.7
3.05325,4.17525,7.41475,5.05525,4.86,19.6,9.23
5.25875,6.46875,9.69175,7.1205,5.047,19.4,8.58
3.27325,5.1845,9.161,6.455,3.75175,19,9.1
3.43,4.5135,6.95825,6.1415,3.99925,16.9,5.54
1.648,3.81775,8.6605,7.1535,1.6975,13.6,7.62
3.6005,4.244,5.971,3.738,3.298,13.9,9.1
3.0285,3.48775,4.60975,3.408,2.2915,14.5,12.04
4.47225,5.4815,7.764,5.971,2.56925,17.4,4.57
3.22925,4.552,7.4065,5.34125,3.02575,12.7,8.7
3.7875,5.487,10.52225,9.53775,4.46125,12.2,8.1
1.4335,2.70675,6.09475,4.16975,3.848,12.3,9.62
1.89825,2.86075,6.202,3.92775,3.001,14.8,10.33
3.342,3.72975,5.0855,3.254,1.857,15.5,9.78
2.52525,3.68025,6.3725,4.30175,1.5435,14.3,8.87
0.4105,1.923,4.6455,1.186,2.39875,15.2,8.9
3.76825,4.9645,9.117,9.06475,3.24025,15.9,10.02
4.09825,5.28625,9.08125,7.357,2.6435,15.8,7.3
1.9615,3.65275,8.6715,6.33125,2.00825,20.8,9.9
4.46125,5.6575,9.9365,9.0345,4.36775,16.3,9.91
5.18175,6.092,8.78975,7.78325,5.51175,21.8,7
2.22825,3.177,4.91225,3.496,2.07975,19.9,6.49
5.03875,5.9875,7.91525,6.49075,2.7865,20.3,9.32
5.861,6.598,9.12525,6.90325,3.144,18.2,9.22
5.87475,7.1865,9.99425,7.907,5.17075,18,9.47
0.23175,2.05775,5.6905,1.4555,2.50325,21.8,9.51
4.23575,5.2945,8.13525,6.1305,4.46125,19.2,9.54
0.6415,2.8745,8.0005,6.91975,4.05425,19.2,8.09
3.5235,3.98,6.983,4.60425,3.7325,18.7,11.12
5.773,6.7905,9.57625,7.61825,4.057,19,7.08
4.8325,5.71525,8.325,6.25975,4.79675,23.4,9.78
7.1535,7.73375,9.57625,8.039,6.03975,21.8,7.65
2.96525,4.7335,8.88325,5.586,3.3035,22.3,9.47
0.37475,1.57925,4.58775,2.77275,1.87625,18.9,4.34
5.12125,6.35325,8.5505,6.697,4.6235,20.2,7.03
4.03225,5.2615,7.67875,5.68225,4.50525,24.6,8.95
3.782,4.97275,8.09125,5.09375,2.75075,20,9.35
4.73075,5.97375,9.3315,7.5495,5.9655,23.2,8.5
2.594,3.7985,6.77125,5.02775,4.02125,21.1,6.52
3.51525,5.66575,9.7495,7.764,4.948,18.8,6.8
1.912,3.727,7.72275,5.3935,2.64625,20.6,6.4
4.068,5.86925,9.37825,7.32125,6.14425,24.1,7.76
4.75,6.0205,8.391,6.11125,4.761,21.5,8.51
1.83225,3.13575,6.80425,4.73625,4.48875,24.9,5.82
5.751,6.8235,9.502,6.752,4.13125,18.7,10
3.92225,4.739,7.09575,5.62725,4.37875,19.6,11.74
0.94675,2.38775,5.76475,2.31075,3.68575,19.4,10.1
7.29375,8.45425,11.4105,8.7485,4.552,19.4,8.6
0.636,1.428,3.9085,1.85975,2.09075,21.3,9.57
3.24025,3.52075,4.5245,3.31725,2.528,20.8,13.94
4.4145,5.17075,7.49725,5.2175,2.9515,19.1,5.62
4.25775,4.673,6.1855,4.52725,3.232,22.4,7.81
5.63825,6.67775,11.50675,11.5535,4.8105,21.8,8.19
5.62175,6.719,10.4205,8.5945,6.18275,21,7.54
4.90675,5.77025,8.37725,6.741,5.34675,21.7,7.37
6.0095,7.038,9.9475,8.3745,5.23125,22.5,7.33
4.93975,5.58325,7.73925,6.70525,4.36775,24.3,8
2.5445,3.53725,5.94075,4.651,3.18525,23.2,7.59
3.936,5.27525,9.71925,8.0665,3.1165,23.9,7.78
5.32475,6.29,10.29675,8.94925,4.3815,23.6,9.84
3.903,4.43925,6.444,4.81325,2.58575,26.4,7.48
4.99475,5.41275,7.753,5.75925,3.122,25.1,7.68
5.07175,6.356,9.777,6.642,5.3165,23.4,8.63
4.343,4.75825,8.31125,5.443,4.46675,23.8,12.32
5.6135,6.98575,10.32975,6.829,5.4705,23.7,8.76
5.56125,7.016,10.56075,8.33325,5.3715,24.2,5.26
5.1625,6.224,9.3095,7.3405,3.35025,27,7.54
1.32075,2.73975,7.456,3.98,0.60575,29.4,5.99
4.21375,5.8225,10.86325,6.90325,4.4255,24.7,7.71
5.927,6.82625,9.1445,6.18275,4.552,22.6,8.62
1.274,2.9735,8.45425,5.421,3.672,25.2,9.29
8.36075,9.9915,13.92675,11.79825,6.9775,24.8,7.94
5.69875,6.27075,7.9345,6.2075,4.58225,24.9,7.55
7.45325,8.90525,12.98625,10.9375,7.1425,28.7,7.8
7.5,8.66875,12.29875,11.108,7.302,25.3,4.62
8.55875,9.7165,13.066,11.94125,7.70625,28.8,4.64
4.3485,5.1405,7.82725,6.1195,3.66925,30.2,7.11
1.1145,3.71325,9.711,6.5815,6.4385,33,6.17
1.879,3.738,8.73475,6.09475,5.47325,29,8
6.03425,8.633,14.44375,14.30625,8.281,30.4,6.78
5.91325,8.4185,15.23575,13.92125,9.1445,33,6.87
7.86575,10.844,18.159,17.96375,6.47975,31.6,6.49
5.83625,6.77675,11.16575,11.196,7.42575,32,6.38
5.18725,6.73,12.5655,10.42325,4.68125,29.6,7.75
5.179,6.88675,12.93125,12.032,6.81525,29.4,7.49
3.2265,5.0305,10.88525,10.51675,6.1305,29.9,8.08
7.379,9.18025,14.97175,13.7535,7.5825,31.1,6.28
10.98425,13.2255,19.0115,19.787,11.845,24.9,5.96
7.06275,7.56875,10.90175,8.4735,5.96825,28.6,7.4
2.5225,3.23475,5.54475,4.73075,2.847,27.5,4.44
0.08325,1.0705,5.8995,3.3255,2.59675,27,6.43
1.10625,1.89,5.24775,3.276,2.726,23.8,6.21
1.51325,2.44825,4.6895,3.2925,2.176,24.6,7.23
1.22725,3.0175,6.10025,3.71875,1.98075,26.7,6.93
5.88575,6.3395,8.25075,6.0865,3.1165,25,7
5.13775,6.24875,11.1795,9.84025,2.66,28.6,6.82
4.16425,4.84625,7.06275,4.5905,3.80675,25.1,7.45
4.45575,5.59425,9.26275,7.28275,3.53725,25.9,7.16
4.992,5.74275,8.5615,7.9015,3.85075,26.5,6.17
3.33925,4.013,6.19925,4.827,2.58025,26.4,6.53
2.3685,3.28425,5.883,4.3705,2.49225,25.8,6.26
2.06875,3.05875,4.629,2.16775,1.34,24.7,7.35
4.2385,4.53275,5.7235,3.463,2.715,26.3,8.81
2.9295,4.123,7.6265,5.41,1.65625,25.9,6.38
3.2925,4.1615,7.07375,4.772,2.165,24.4,7.97
4.06525,4.9425,6.80425,3.9745,2.11,26.8,5.92
4.09825,5.19825,7.313,5.3055,4.0625,25.6,6.9
4.69225,5.14325,7.0105,4.82425,2.1045,23.9,6.01
5.905,6.73,8.58075,5.1955,3.10275,27.2,7.79
3.49875,4.1945,6.12775,4.3705,2.27775,25.6,6.29
4.4255,5.56125,8.017,6.46325,4.45575,23.9,5.22
4.2385,5.11025,7.4065,4.8655,2.407,26.6,6.84
2.6545,4.002,6.75475,3.881,1.802,24.9,6.23
2.9955,4.19725,7.20025,5.77575,3.65,25.4,6.84
0.46,1.97525,5.278,2.26125,0.2125,25.9,5.22
3.408,4.387,6.14425,4.15875,2.53625,25.4,5.97
3.749,5.14325,8.03075,5.61625,3.364,24.2,6.7
0.02,1.0705,3.88925,1.637,1.35925,24.3,7.68
1.5875,2.231,4.08175,2.22,1.20525,25.7,8.68
4.02125,4.93425,8.1765,5.85,2.1265,27.5,7.2
3.03675,3.92225,6.74925,4.2385,2.06875,26.8,8.52
5.93525,6.532,8.45975,5.1075,2.33825,21.1,7.92
4.046,5.02775,7.01325,3.7435,1.68375,20.7,7.98
6.5705,7.2745,11.36375,9.99425,6.42475,20.9,6.77
4.343,5.35775,8.23425,6.20475,4.8325,19.1,7.35
5.95725,6.79325,9.35625,8.0555,4.46125,20.1,6.49
6.55675,7.70625,12.57925,11.9,5.42375,20.4,6.39
3.46575,4.5465,7.159,5.22025,4.7225,18.8,9.49
3.397,4.34575,7.2305,5.16525,2.81675,20.3,6.13
1.7855,2.47575,4.32925,2.9515,2.572,18.6,9.49
1.208,2.71225,5.78675,4.0405,2.594,19.4,6.96
3.3145,4.7115,7.60175,5.949,3.7105,20.6,7.34
5.77575,6.323,8.44875,5.6135,1.90925,20.6,8.44
3.94975,4.93975,7.7695,5.751,2.12925,20.1,7.73
3.848,5.5915,8.5725,7.09025,4.62625,18.7,5.2
0.05575,1.824,6.57875,4.981,0.4215,19.7,7.41
1.59025,3.5015,7.91525,5.09925,1.428,20.8,7.62
0.66075,2.23375,6.45775,5.113,1.66175,21,6.55
3.43,5.18175,9.37,8.8475,2.82775,21.2,6.59
4.299,6.07825,10.0135,8.22875,2.89375,18.3,7.02
3.474,3.9855,6.1195,3.79025,2.9185,18.1,9.75
1.04575,2.4785,5.7455,3.38875,1.56,17.7,7.42
3.5675,4.7555,7.73925,4.6895,2.495,18.4,9.05
4.73075,5.355,7.4835,6.246,4.67025,18.1,5.94
4.6565,5.44025,7.8025,5.1295,1.58475,17.9,8.71
2.28325,3.70775,6.87575,5.19,3.14125,17.5,7.07
3.1055,3.74075,6.22125,3.584,2.24475,18.3,8.42
6.323,7.764,10.80275,7.852,3.078,17.3,8.52
2.61875,3.91675,6.6365,5.0525,2.132,16.4,8.61
4.8875,5.8555,8.17375,6.257,3.001,16.5,7.36
5.27525,5.77575,7.53025,5.57775,3.34475,17.2,9.75
4.772,5.68775,9.11975,6.85925,5.212,16.6,8.77
1.88175,2.737,4.8655,3.672,2.19525,17.9,9.09
2.6435,4.26325,8.90525,7.291,2.1375,17.7,8.69
1.461,2.957,5.949,4.78025,2.85525,17,8.97
2.6435,3.034,5.04975,3.287,2.5225,15.6,9.78
4.3925,5.509,8.09675,5.432,1.70025,17.1,7.09
3.30075,4.39525,7.42025,6.46325,4.8765,15.9,8.42
5.5805,6.10025,7.70075,5.34125,2.29975,16.2,9.04
4.5685,5.6245,8.6495,7.15625,2.8635,17,8.76
4.62075,5.575,8.072,7.962,4.29625,18.3,6.96
4.8325,5.80875,8.424,7.1535,2.5995,17.2,7.76
4.7555,5.993,9.051,6.62,2.42075,16.5,8.47
4.05425,5.014,7.65675,6.71625,3.3475,16,7.48
5.43475,6.752,10.20875,8.16,2.0605,17,7.76
6.257,7.1315,9.821,8.69075,2.638,16.2,7.39
1.49675,3.694,8.27275,7.5055,1.96425,15.5,6.89
4.3265,5.69325,9.11425,7.90975,2.63525,17.1,8.04
5.00025,6.44125,11.42425,7.48075,2.8525,17.1,10.66
3.95525,4.6125,6.939,4.53825,2.121,16,9.57
2.968,3.6885,5.8445,3.3475,1.879,15.4,8.8
3.804,4.68125,7.291,4.299,2.143,17.8,9.6
4.30175,4.937,6.94175,5.53375,3.83425,20.2,8.09
5.67675,6.07275,7.632,5.3715,2.32725,19.2,9.75
3.9635,4.89575,7.55225,6.2405,3.19625,18.8,6.93
3.10825,3.57025,5.2175,3.4905,2.814,18.7,9.74
5.2945,5.74825,7.59625,6.0755,3.70775,18.5,9.01
6.3945,7.764,10.63225,8.30575,3.3365,18.8,9
2.5885,3.39975,5.25325,2.924,2.429,18.9,8.99
3.68025,4.18075,5.47325,4.409,3.419,19.9,8.6
0.768,2.0275,4.739,3.166,1.02375,20.4,10.5
3.65275,5.07725,8.358,7.60175,3.6665,21.3,8.35
2.8195,3.80675,6.50175,3.86725,1.3455,20.2,11.01
3.716,4.5355,6.87575,5.0305,4.519,20.4,10.56
0.3665,2.00825,6.356,4.255,1.956,19.9,9.63
3.221,4.2935,6.98575,4.7115,3.0615,17.1,8
3.023,3.47125,7.412,4.67025,3.33375,18.2,15
4.24125,5.33575,8.34975,6.20475,5.50625,20,8.71
2.1815,2.99,5.2285,3.92225,2.09075,19.3,9.17
2.5225,4.55475,8.798,7.5385,3.31175,20.6,5.78
3.75175,4.827,7.82175,5.7125,4.14225,21.2,9.61
1.52975,2.6985,7.06825,5.39625,2.91575,24.3,8.37
0.592,1.68375,3.38325,2.03025,1.26025,24.1,10.69
4.03225,4.6235,6.0425,3.81775,3.47125,21.9,10.28
1.47475,2.253,4.255,2.2035,2.01925,23.1,8.78
3.79025,4.4145,6.367,4.07625,3.18525,24,9.06
4.07625,6.1745,9.40575,7.00225,4.50525,22.4,8.41
6.2075,7.3625,10.4205,8.03075,4.024,23.8,7.57
5.57225,6.92525,9.9915,7.4395,5.64925,21,8.36
4.35125,5.71525,8.80075,7.1975,5.68775,25,7.02
4.2715,5.267,7.56875,6.081,4.6015,26.4,9.93
3.3255,5.2065,8.27,6.28175,3.716,30.1,5.45
6.2735,7.0985,9.00975,7.28825,4.4145,30.5,9.61
4.1175,5.80325,9.8155,7.7365,6.367,30,10.2
4.277,5.608,7.9675,6.7025,5.28625,31,7.86
4.574,6.32025,9.46075,7.5385,5.4265,29.8,6.52
7.06275,8.7485,12.87075,11.62225,8.32775,31.2,4.83
7.52475,9.46625,13.71775,12.40875,9.018,30.8,6.07
8.4295,9.623,12.0925,10.7065,6.994,29.2,5.83
5.33575,7.8025,13.044,11.592,7.37625,30.8,4.74
5.67125,7.6485,12.1255,11.185,7.38725,30.6,5.52
7.126,8.7045,13.55,11.29225,7.00775,28.9,4.89
5.23675,6.35325,9.92,8.5285,6.477,30.8,6.78
5.64925,7.401,12.60125,10.48375,7.68425,31.6,5.99
5.96825,7.24425,10.31325,8.16825,5.91875,29.9,6.97
3.8755,4.3595,7.83825,4.86,4.67575,28.8,7.22
6.2405,7.74475,11.19325,9.051,6.13875,28.3,3.77
3.661,4.45575,6.68875,3.617,2.88,29,7.39
0.3555,1.87625,6.29825,4.49425,2.35475,28.7,3.26
5.06075,6.35325,9.22975,7.412,6.08375,29.4,6.5
3.65,5.0855,8.84475,6.4275,4.651,30,5.96
8.00325,9.32875,12.604,11.163,6.7465,31,4.57
8.556,9.623,12.51875,10.67075,6.26525,30.5,5.34
4.59325,6.12775,9.9365,7.68425,5.59975,29.6,4.72
7.90425,7.83825,8.424,5.8115,4.69225,29.9,7.72
2.4455,4.00475,7.7035,4.79125,5.09925,28.6,7.47
5.75925,6.90325,9.95025,7.214,3.93325,30.4,6.44
3.958,5.201,8.57525,5.3385,3.8755,32.5,6.8
3.97725,4.761,7.51925,4.42825,2.79475,30.4,6.12
3.837,5.29725,9.161,6.29275,5.86375,31.3,7.68
7.016,8.5175,14.57025,14.63625,8.36075,30.9,4.18
1.29325,4.3925,12.89825,13.1375,7.29375,29.4,5.22
2.75625,3.683,6.99675,6.4,2.3355,30.8,4.38
0.39675,1.85425,6.32575,4.233,0.10525,30.7,5.63
3.4355,4.7775,8.98225,7.28,2.01375,31.2,5.13
5.17075,7.09025,11.14375,8.985,6.763,31.1,5.87
1.142,2.11825,4.585,3.38325,2.87175,31.3,7.62
2.033,4.7115,12.4225,12.50775,5.39075,30.4,3.23
3.122,5.7565,13.30525,13.6985,5.68225,30.6,3.75
0.8835,2.42625,7.72,4.84625,1.31525,32.5,6.55
3.19625,4.6015,8.94925,6.2185,1.6425,33.3,6.77
0.328,1.08425,2.693,1.80475,1.46375,31.8,6.87
4.43925,5.57225,8.49825,5.79775,2.51425,32.8,5.33
0.16575,0.7955,2.4785,1.373,1.55725,32.3,7.49
5.982,6.52925,9.238,5.41,3.2375,32.8,7.84
3.364,3.991,7.192,4.90125,4.01575,32.6,6.8
5.5695,7.2965,11.95225,11.5315,5.30275,31.4,3.8
5.707,6.653,9.96125,8.2535,6.0315,32.6,6.45
3.98825,5.68775,10.07675,7.2745,4.739,32.3,4.6
6.49625,8.06925,11.6855,9.83475,6.4495,32,5.3
5.9875,7.38725,11.592,10.14,5.11575,31.9,4.57
0.3665,2.176,6.4055,4.52725,1.901,30.3,3.71
5.762,6.18,8.58625,5.97375,3.12475,31,3.35
5.58875,7.3405,11.53975,9.304,6.80975,31.9,1.87
6.19925,7.8465,12.40875,12.703,5.4155,31.8,5.08
4.233,5.15975,8.54775,6.08925,4.0625,32,7.01
1.47475,2.75075,5.72075,4.25225,3.6775,30.6,6.61
3.859,4.409,6.83175,5.31925,4.12025,31.9,7.64
