ЫЎЮТ,pH,ШмНтбѕ,ИпУЬЫсМи,АБЕЊ,змСз,змЕЊ,ЕчЕМТЪ,зЧЖШ,433-453,450-515,525-600,630-680,845-885,1560-1660,2100-2300
20.5,6.92,9.26,1.19,0.025,0.05,1.77,166.8,8.5,0.239999999999999,0.784499999999999,3.31725,0.121749999999998,-0.486,0.481999999999999,0.715749999999998
16.6,7.56,10.08,1.05,0.025,0.046,1.67,169.4,6.7,4.57675,5.59425,8.2975,4.64825,2.4015,1.33175,0.988
17.9,7.15,7.68,1.91,0.192,0.082,2.24,181.7,17.6,6.02325,6.95825,9.31225,8.33875,6.0975,5.784,5.23125
20.5,6.92,9.26,1.19,0.025,0.05,1.77,166.8,8.5,0.239999999999999,0.784499999999999,3.31725,0.121749999999998,-0.486,0.481999999999999,0.715749999999998
16.6,7.56,10.08,1.05,0.025,0.046,1.67,169.4,6.7,4.57675,5.59425,8.2975,4.64825,2.4015,1.33175,0.988
18.8,6.92,9.4,1.52,0.026,0.005,1.57,152.4,29.3,3.804,5.289,9.084,6.1965,2.0165,2.066,1.62325
16.9,7.15,9.45,1.23,0.025,0.021,1.34,132.1,3.1,3.254,4.464,6.8235,4.3485,3.034,1.307,0.759750000000001
27.3,8.39,8.75,3.64,0.79,0.019,1.04,48992.7,7.9,4.16975,5.74825,9.2985,6.28175,5.31925,4.7995,3.00925
24.3,7.36,7.9,0.82,0.028,0.022,0.98,94.5,10.8,4.9645,5.75925,8.413,5.3825,2.98175,1.15575,0.658
24.3,7.38,7.71,1.04,0.025,0.025,1.52,130,11,3.16325,3.97175,5.85,3.11925,1.57925,0.756999999999999,0.48475
23.9,7.1,8.35,0.61,0.025,0.02,1,103.7,2.7,4.398,5.487,8.39375,5.06075,2.308,1.032,0.605749999999999
26.9,8.01,6.96,2.3,0.341,0.021,1.2,34545.4,6.5,2.78375,4.50525,7.88225,5.3055,3.97175,2.935,2.308
23.9,7.48,8.33,0.89,0.025,0.005,0.45,85,4,0.358249999999999,1.351,2.31075,-0.2165,0.0750000000000001,0.306000000000001,0.23175
23.2,8.12,8.25,3.43,0.327,0.02,1.22,36278.2,9.7,3.64725,5.311,8.8585,6.037,3.76275,2.50325,1.78825
20.7,7.4,9.04,0.75,0.036,0.02,0.86,90.8,6.2,5.2285,5.86375,7.247,4.2495,2.847,1.37575,0.81475
16.9,7.62,9.3,1.54,0.094,0.028,1.72,150.4,11.4,2.7865,3.7765,6.02325,3.33925,1.86525,0.988,0.644249999999999
19.2,7.17,9.23,1.17,0.025,0.01,0.88,101.4,3.1,3.672,4.937,7.86575,4.35125,2.374,1.1695,0.6965
21.3,7.99,8.37,3.2,0.381,0.024,1.25,40532.8,7.9,2.68475,4.63725,7.6485,4.9975,2.682,2.53075,1.43625
19.6,7.11,7.55,0.87,0.025,0.005,0.43,90.7,2.8,0.176750000000001,0.9825,2.2145,0.28675,0.3335,0.49025,0.35
24.2,7.2,5.7,2.85,0.264,0.074,2.36,10783.2,76.8,5.94075,7.2085,10.371,10.261,4.112,1.34,0.85325
23.7,7.39,7.04,0.68,0.05,0.023,1.68,184.8,40.6,6.85375,7.5275,10.04925,8.78975,4.71975,2.68475,1.72775
23.5,7.95,8.2,0.91,0.05,-1,1.36,282,11.4,0.575499999999998,2.231,6.49625,3.06425,-0.07625,0.465499999999999,0.448999999999999
24.4,6.78,7.2,2.55,0.043,0.036,2.67,257,19.9,3.0725,4.167,6.81525,4.7225,3.17425,1.49675,0.83125
23.4,7.37,5.99,2.19,0.235,0.106,3.12,282.3,38.6,3.63625,4.926,8.204,7.4835,2.65725,1.02925,0.649749999999999
23.5,7.65,6.03,0.96,0.036,0.045,2.18,221,10.5,2.77,4.42275,7.81625,5.24775,1.7745,0.84225,0.509499999999999
23.9,7.55,6.29,2.78,0.29,0.086,2.85,1896.9,55.5,1.81025,3.705,8.34425,6.3725,2.67925,1.0925,0.671749999999999
23.6,7.88,6.98,3.22,0.174,0.064,4.2,19923,120.1,2.44275,4.1615,8.8695,8.017,5.58325,5.4375,4.838
23.7,7.18,4.64,4.07,0.135,0.237,5.85,580.4,101.7,5.78125,7.28275,11.17125,10.217,5.6465,1.8185,1.0265
24.3,7.17,5.02,4.97,0.025,0.08,4.27,3861.4,127.5,0.514999999999999,2.81125,7.68425,5.42375,0.234499999999999,0.402249999999998,0.407749999999998
24.4,7.31,5.34,4.06,0.08,0.096,4.82,5751.8,64.1,2.682,4.90125,9.86225,8.9245,2.0165,0.677249999999999,0.448999999999999
23.3,7.48,5.84,2.37,0.051,0.083,3.63,508.5,76.3,3.27325,5.00025,9.39475,8.50375,2.7755,0.941249999999999,0.56725
23.6,7.36,5.87,1.43,0.036,0.065,2.65,309.5,21.2,4.321,5.85825,9.4855,7.09575,2.4235,0.85875,0.454499999999999
22.8,6.6,6.46,1.05,0.335,0.023,1.66,168.3,16.2,2.53075,3.40525,6.6695,5.4705,3.12475,0.974249999999999,0.525999999999999
24.1,7.34,7.36,1.48,0.025,0.063,2.23,163,55.6,4.0625,5.289,9.04275,7.18375,2.20075,0.616749999999999,0.300500000000001
22.5,7.15,7.2,1.25,0.043,0.031,1.72,139.7,15.3,2.5555,3.73525,6.9005,3.98,2.07975,0.866999999999998,0.520499999999999
22.6,7.15,8.68,0.71,0.025,0.016,1.01,104.1,3,2.23925,3.98,8.59175,4.77475,1.7855,0.913749999999999,0.605749999999999
24.1,7.91,8.19,1.48,0.054,0.039,1.64,302.2,24.6,1.6315,3.17975,7.13975,4.14775,1.81575,3.771,3.3585
24.4,7.4,5.33,4.99,0.408,0.154,9.53,15809,39,2.54175,3.87,7.06,5.87475,3.7435,1.5765,0.924749999999999
23.4,7.25,7.92,1.13,0.044,0.053,2.1,249.5,25.5,4.959,6.301,10.6295,7.643,2.92675,0.9385,0.465499999999999
23.1,7.35,4.7,1.45,0.363,0.052,2.52,240.5,31.5,-0.574,1.219,6.928,4.5465,-0.3485,0.328000000000001,0.383
22.4,7.23,6.29,2.58,0.168,0.067,2.6,9459.7,84.3,0.272999999999998,2.506,7.09575,5.0855,-0.07625,0.297749999999999,0.4215
21.7,8,8.63,1.08,0.025,0.028,2,286,12,6.202,7.1645,9.85675,7.0765,2.968,1.29875,0.765250000000001
22.1,7.72,7.08,2.98,0.04,0.033,2.98,296.8,13.9,1.34825,2.781,5.80325,4.2715,1.84325,0.855999999999998,0.55075
21.8,7.16,7.21,2.48,0.227,0.125,3.53,256.5,86.9,5.8445,7.31575,10.52775,10.646,6.6255,3.78475,2.9735
22,7.72,7.86,1.01,0.027,0.048,2.37,239.5,20.1,3.21,4.541,7.9235,6.1085,1.96975,0.944,0.647
22.1,7.51,7.73,1.58,0.051,0.068,2.73,945.8,42.9,5.99575,7.10675,10.2665,7.72275,2.87725,1.25475,0.839499999999999
21.8,7.81,7.88,1.98,0.035,0.055,2.63,17485.7,51.9,2.16775,4.145,8.1325,6.66675,5.22025,5.4155,4.86825
20.9,7.61,7.4,4.17,0.036,0.307,5.93,564.6,100.8,4.618,5.861,9.2325,8.3415,4.6785,1.53525,0.930249999999999
22.5,7.18,6.17,3.36,0.025,0.067,3.96,4074.4,108.1,5.0635,6.36975,9.49925,7.8905,2.27225,0.941249999999999,0.6635
23,7.41,6.57,3.12,0.047,0.088,4.98,5229.1,54.3,0.87525,2.99,7.83,6.862,0.713,0.50125,0.51775
21.9,7.7,6.73,2.24,0.028,0.068,3.1,247.2,27.9,3.07525,4.85175,8.97125,7.34875,1.99725,0.83675,0.611249999999999
22,7.36,6.84,1.76,0.025,0.062,2.72,295,24.1,2.748,4.4695,8.7265,6.98025,2.352,0.977,0.658
20.3,6.97,7.61,1.02,0.066,0.023,1.29,154.7,15.9,4.22475,5.05525,8.80625,7.346,4.17525,1.22725,0.677249999999999
22,7.45,7.94,1.13,0.025,0.038,1.64,137.1,29.9,5.3385,6.3835,10.06575,7.82725,2.55275,0.79275,0.440750000000001
22.4,7.56,8.28,1.14,0.054,0.037,1.5,297.2,17.3,7.11775,7.6815,10.184,7.71725,3.078,1.26575,0.770750000000001
21.7,7.56,6.57,5.44,0.183,0.1,9,15976.3,68.2,3.4135,4.222,6.7465,5.3165,3.03125,1.34275,0.87525
20.7,7.48,8.62,1.11,0.051,0.048,2.13,264.6,25.8,5.59425,7.00775,11.50125,8.589,3.36125,1.208,0.699249999999998
20.8,7.26,5.6,1.92,0.522,0.043,2.66,228.9,19.4,5.1955,6.2735,9.645,8.08025,3.00375,1.1805,0.6745
18.5,7.37,6.86,3.45,0.38,0.044,2.76,6226.3,64,1.08975,1.06225,1.62325,0.743250000000001,-0.079,0.308749999999999,0.325249999999999
18.4,7.45,7.36,0.53,0.389,0.071,2.75,373.9,14.7,4.20275,5.24775,8.42675,7.44225,5.553,5.8995,5.0965
18.7,7.57,7.61,5.96,0.228,0.186,7.52,2663.9,290.6,0.872499999999998,3.1165,8.86675,9.337,5.014,3.65275,3.48225
18.7,7.43,6.22,5.56,0.757,0.142,10.58,11258.2,105.9,1.51325,2.671,5.22575,3.9745,2.9295,1.5655,0.955
24.4,6.78,7.2,2.55,0.043,0.036,2.67,257,19.9,3.0725,4.167,6.81525,4.7225,3.17425,1.49675,0.83125
21.4,7.85,7.8,0.94,0.165,0.064,1.36,10737,17,6.719,7.93175,10.602,8.32775,3.925,2.04675,1.461
22.1,7.72,7.08,2.98,0.04,0.033,2.98,296.8,13.9,1.34825,2.781,5.80325,4.2715,1.84325,0.855999999999998,0.55075
17.1,7.84,9.42,0.85,0.025,0.029,2.22,235.8,69.9,7.77775,9.0125,15.277,13.858,4.41725,1.31525,0.702
17.1,7.84,9.42,0.85,0.025,0.029,2.22,235.8,69.9,7.77775,9.0125,15.277,13.858,4.41725,1.31525,0.702
22.8,6.77,7.35,3.09,0.11,0.07,3.16,117.3,68.4,5.87475,6.961,11.78175,11.647,4.2935,1.11725,0.6635
23.5,7.06,8.08,5.09,0.063,0.056,1.86,742.7,16.6,0.454499999999999,1.6205,4.1835,2.8305,2.28325,1.4005,1.21625
22.8,6.77,7.35,3.09,0.11,0.07,3.16,117.3,68.4,5.87475,6.961,11.78175,11.647,4.2935,1.11725,0.6635
17.1,7.32,8.24,3.8,0.043,0.054,1.71,152.5,10.8,1.4115,2.055,4.1395,3.07525,1.94225,0.715749999999998,0.413249999999998
17.6,6.89,9.34,3.54,0.033,0.063,3.49,105.8,68.9,5.17625,6.35875,11.17125,10.536,4.0515,1.0815,0.7185
17.4,7.42,10.97,7.23,0.087,0.123,2.03,6346.6,11.7,1.1805,2.17875,4.26325,2.94875,2.14575,1.2575,0.754250000000001
17.2,7.72,10.35,3.86,0.031,0.025,1.17,104.6,5.6,2.52525,3.1495,5.7565,3.72425,2.2145,0.919249999999999,0.594749999999999
17.4,6.94,6.71,0.62,0.025,0.006,0.41,93.1,3.5,3.485,3.3475,3.32275,2.14025,1.61775,0.614000000000001,0.363749999999999
17.5,7.43,7.17,3.72,0.442,0.059,3.21,10759.1,83,5.377,6.389,8.93825,7.40375,2.09075,0.647,0.448999999999999
17.3,7.6,8.73,1.01,0.317,0.065,2.66,387.8,17.5,4.68125,5.443,7.62925,6.27625,3.25125,2.5995,2.15125
17,7.98,9.68,0.84,0.025,0.034,1.95,319,20.6,4.959,5.90775,8.93825,6.28725,1.72775,0.721249999999998,0.536999999999999
16.8,7.54,9.83,3.1,0.098,0.037,2.98,397.3,10.7,0.715749999999998,2.462,6.169,5.40175,1.38675,0.7295,0.633249999999999
18,7.86,9.85,0.63,1.601,0.005,5.37,0.9,3.4,3.8205,5.02775,7.929,7.24425,2.23925,0.677249999999999,0.611249999999999
16.8,7.9,8.6,1.28,0.179,0.045,2.57,194.5,15.1,5.02225,5.91325,8.44875,6.58975,2.2805,0.927500000000001,0.688249999999999
16.8,7.66,8.94,1.92,0.231,0.068,2.87,2115.2,33.6,2.9845,4.79125,9.15,6.69425,1.5985,0.759750000000001,0.53975
16.8,7.8,8.65,2.34,0.405,0.059,3.07,18428.9,63,1.73875,3.65275,8.4185,6.8785,3.91125,5.8225,5.8225
16.1,7.55,7.17,4.69,0.043,0.208,6.6,614.9,98.3,3.6335,4.695,7.5055,6.34225,2.8085,0.88075,0.594749999999999
18.5,7.21,6.51,3.72,0.411,0.056,3.86,8482.2,93.6,5.53375,6.51,9.194,8.63025,2.60225,0.666249999999999,0.468250000000001
17.6,7.37,5.7,4.78,0.623,0.129,5.99,8869.9,182,6.378,7.09025,9.414,9.53225,3.6225,0.586500000000001,0.391249999999999
16.6,7.83,8.24,2.39,0.307,0.071,3.35,548.1,55.5,3.9745,5.2175,8.74575,8.69625,2.75625,0.82575,0.58375
16.7,7.55,8.79,2.1,0.317,0.064,3.01,395.3,26.7,4.51075,5.729,8.8475,8.20675,2.396,0.713,0.50675
14.3,6.65,8.81,1.21,0.357,0.019,1.61,175.9,10.7,4.123,4.83525,7.841,5.21475,2.58025,0.933,0.553499999999998
16.8,7.6,8.93,1.4,0.109,0.028,1.8,158.6,8.1,3.79575,4.354,6.202,3.672,1.67275,0.605749999999999,0.3665
15.1,7.58,10.63,0.83,0.025,0.008,0.88,102.7,3.1,0.0227499999999992,1.36475,5.20375,2.45375,0.592000000000001,0.611249999999999,0.53425
17.6,7.91,9.41,1.3,0.025,0.027,2.02,323.2,18.2,-0.27425,1.76075,6.56225,3.683,-0.32925,0.3335,0.448999999999999
17.4,7.41,6.33,5.82,0.861,0.166,11.17,13853.8,72.4,3.3585,4.43375,7.027,5.982,2.54725,1.23,0.9385
15.5,7.75,9.98,1.46,0.103,0.04,2.26,278.3,16.2,6.07,6.91975,10.69,7.63475,2.53625,0.883500000000001,0.56175
16.5,8.09,9.09,1.24,0.046,0.092,1.55,10084.8,17.9,6.40825,7.17825,9.1115,6.851,3.496,1.4665,0.946749999999999
17.5,8.93,10.18,13.12,0.082,0.119,4.2,8325.1,15,1.43075,2.2805,4.563,2.70125,1.681,1.0815,0.800999999999999
19,7.03,9.67,1.6,0.025,0.005,1.56,177.5,38,4.36225,5.64375,8.413,5.59425,2.65175,1.10625,1.098
11.9,7.1,9.91,1.07,0.025,0.009,1.89,136.2,5,3.3695,4.37875,6.8455,4.42275,2.3465,1.538,1.07325
15.2,7.73,10.42,0.68,0.074,0.022,1.03,95,4.1,5.432,6.06725,7.62925,4.618,3.35025,2.1705,1.516
13.7,7.55,9.36,1.53,0.17,0.029,2.01,159.5,28.4,4.354,4.88475,6.312,4.0295,2.48675,1.483,1.021
12.7,7.31,10.37,0.96,0.046,0.015,0.99,105.8,7,4.574,5.68225,8.479,4.8765,2.5225,1.73875,1.2575
16.7,8.18,9.6,2.46,0.495,0.029,1.43,45634.6,27.4,4.40075,6.4825,9.74675,7.4945,3.46575,3.452,2.40975
16,7.01,6.92,0.66,0.025,0.007,0.45,89.9,5.6,3.92775,3.82875,3.804,2.73975,2.3245,1.29875,0.889000000000001
16.1,7.11,7.99,0.78,0.025,0.009,0.45,84,3.9,0.81475,1.67275,3.089,1.56,1.50225,0.87525,0.666249999999999
16.1,7.53,7.26,3.89,0.489,0.042,3.29,8941.8,25.7,5.74825,6.73275,9.23525,7.10675,3.1715,1.395,0.88625
15.5,7.93,10.21,0.7,0.1,0.025,1.81,334,9.3,0.800999999999999,2.7095,6.95275,3.86175,1.53525,1.29325,1.0595
15.4,7.71,12.62,3,0.15,0.04,4.16,398.5,10,5.50075,6.83725,9.32325,8.6275,4.63725,1.945,1.17225
15.4,7.59,7.12,2.07,0.864,0.148,4.37,379.6,50.6,4.29625,5.61625,8.2535,6.93075,3.67475,1.89825,1.362
14.7,7.88,9.13,1.85,0.213,0.038,2.76,322.6,8.4,5.8995,6.8565,9.095,7.3075,3.49875,1.5985,1.043
15.8,7.88,9.56,2.01,0.317,0.097,2.88,4288.5,409.6,5.74,6.994,10.008,8.1435,3.51525,1.461,0.946749999999999
14.5,7.46,7.71,4.76,0.23,0.209,7.28,710.8,68.9,5.8665,6.5155,8.5285,7.379,4.1725,1.813,1.26575
17.2,7.22,7.19,3.85,0.355,0.043,4.82,7283.2,88.4,6.8345,7.76125,10.085,8.897,3.58675,1.494,1.032
16.7,7.39,6.3,5.09,0.487,0.112,5.04,8145.2,88.3,7.434,8.3085,10.63775,10.1675,4.23575,1.4335,0.963249999999999
15.2,7.82,8.85,2.74,0.39,0.09,4.04,636.7,39.3,4.783,6.268,9.5185,8.44325,4.57125,2.4015,1.59575
15.2,7.58,9.14,1.86,0.348,0.08,3.44,456.7,45.7,4.57675,6.059,9.2765,8.314,3.86175,1.61775,1.054
13.2,7.08,10.26,1.08,0.094,0.015,1.26,154,5.6,4.03225,5.10475,8.18475,5.8995,4.1395,2.03025,1.19425
15.9,7.82,10.24,1.35,0.091,0.029,1.69,171.1,10.7,5.553,6.61725,9.4085,6.54575,3.375,1.49675,0.889000000000001
13.3,7.66,10.24,1.6,0.189,0.032,1.73,132.6,18.6,4.9865,5.3055,6.8015,4.7225,3.232,1.3785,0.86425
15.9,7.39,10.33,1.05,0.025,0.013,0.89,94.6,4.9,4.1505,5.25325,7.86575,5.17075,3.2485,1.74425,1.16125
16.3,8,10.18,1.53,0.044,0.024,1.98,311,15.4,0.256499999999998,2.11825,6.43575,3.4905,1.098,1.12825,0.9605
18,7.23,6.06,6.52,0.569,0.241,10.81,9413.1,38.2,4.508,5.597,8.11875,6.95,3.881,2.01925,1.37025
13.6,7.92,11.42,2.06,0.098,0.056,2.35,283.3,16.8,6.367,7.42575,10.85775,8.8915,4.16425,1.89825,1.1475
14,7.38,8.69,2.39,0.58,0.061,3.14,356.2,16.4,6.136,7.093,9.58725,7.96475,3.441,1.5105,0.966
15.1,8.15,10.25,0.84,0.147,0.179,1.96,6890.2,41.8,4.398,5.91875,8.82,6.50175,4.0405,1.98075,1.2685
17.1,7.35,6.47,5.16,1.303,0.194,3.5,17761.2,23.7,3.3695,5.00575,7.6705,6.3725,4.80225,3.463,2.572
19,7.25,9.54,1.37,0.025,0.005,1.69,175,15.2,4.3045,4.96175,6.61725,4.30725,2.3135,2.04675,1.2795
21,7.7,10.05,3.2,0.025,0.041,2.46,121.6,49.2,5.036,6.29,10.756,9.46075,4.1945,1.5435,0.988
18.8,7.47,9.34,0.7,0.025,0.018,0.42,86.5,2.6,5.79225,6.21025,6.77675,4.24125,3.9195,1.5435,0.889000000000001
20.5,7.74,8.33,4.64,0.17,0.067,2.88,9485,47.5,5.46775,6.35325,8.853,7.3075,3.6005,1.47475,0.911000000000001
18.7,7.74,10.36,1,0.053,0.021,1.87,301,11.8,5.57775,5.84175,7.04075,4.981,3.331,1.681,1.043
19.8,7.29,8.9,3.04,0.154,0.031,3.53,539,10,4.57675,5.65475,7.9785,6.67775,3.40525,1.4555,0.839499999999999
20.4,7.57,5.85,2.64,0.892,0.164,4.54,402.4,44.1,3.87275,5.124,7.43675,6.0425,4.37325,2.308,1.57375
18.7,7.74,7.86,2.14,0.236,0.048,2.76,272,11.2,5.53925,6.653,9.07575,7.082,4.0625,1.9175,1.20525
19.3,7.8,8.59,2.62,0.3,0.081,3.2,3470.4,31.8,6.02325,6.80425,9.48275,7.95375,3.94975,1.538,0.9935
20.8,7.49,7.21,4.99,0.025,0.203,6.39,714.2,54.3,4.9315,5.817,8.171,6.8895,5.43475,2.4785,1.505
21.6,7.28,7.39,5.66,0.191,0.076,4.19,8534.3,150,0.176750000000001,1.93125,6.51825,4.84075,1.3235,1.054,0.935749999999999
21.2,7.42,7.77,6.89,0.19,0.142,6.29,8323.9,179.9,1.25475,2.9185,7.39825,6.04525,1.78275,0.957749999999999,0.748750000000001
19.6,7.64,7.53,3.14,0.284,0.101,4.34,843,48.2,4.3375,5.68775,9.04,8.149,4.01025,1.69475,1.098
19.6,7.52,8.05,2.05,0.286,0.079,3.6,628.5,39.8,4.36225,5.68775,8.8695,7.731,4.03225,1.70025,1.10625
20.9,7.19,9.08,1.3,0.096,0.028,1.72,197.2,17.1,6.20475,7.15075,10.085,7.6595,4.9095,2.1265,1.2685
18.9,7.69,9.28,1.32,0.068,0.027,1.54,142.3,11.1,4.82975,5.355,7.2745,5.3165,4.1395,1.747,1.04575
19.5,7.69,10.46,1.06,0.025,0.012,0.81,99.2,3.9,4.4695,5.4595,7.60725,5.5695,4.68675,2.27775,1.384
19.2,7.73,10.6,1.17,0.051,0.024,1.81,301.2,10.6,6.39175,6.56225,7.258,5.61625,4.1395,2.5335,1.71125
23.1,7.59,7.4,9.27,0.302,0.221,12.21,6140.4,67.1,4.35675,5.41,8.2315,7.07925,4.82975,2.2585,1.51875
19.1,7.54,9.76,1.84,0.089,0.066,2.37,293.1,8.5,4.70875,5.94625,9.304,7.33225,5.553,2.54175,1.428
18.5,7.2,7.62,1.9,0.576,0.054,3.7,282.2,14.3,6.4825,7.23875,10.3985,9.19675,4.08175,1.66725,0.9935
19.9,8,8.96,2.5,0.303,0.08,1.88,8343.2,18.1,6.4385,7.12325,9.161,6.818,3.6005,1.55175,0.922000000000001
19.7,7.41,9.34,1.4,0.025,0.06,2.12,187.8,5.9,5.26975,5.69325,7.214,4.5025,3.18525,1.34275,0.900000000000001
20.6,7.3,7.96,3.42,0.072,0.087,1.71,176.4,11.3,5.75925,6.4825,8.1655,6.83725,5.04425,3.595,3.2155
20.6,8.45,8.92,8.8,0.241,0.087,3.8,13370.5,67.3,2.77,3.49325,5.17625,3.63075,2.38775,1.263,0.866999999999998
19.7,7.81,7.98,3.48,0.619,0.114,2.69,27936.7,19.3,5.234,6.29275,8.41025,6.6915,3.815,3.4135,3.2485
20.8,7.64,9.07,1.15,0.025,0.022,1.82,152.1,19.1,6.543,6.89775,8.1655,5.95175,4.07625,2.5335,2.08525
18.3,7.51,8.79,1.57,0.102,0.058,2.25,278.6,7.2,3.63075,4.07075,5.9655,3.7105,1.42525,0.6635,0.383
18.8,7.25,6.69,2.3,0.368,0.064,2.6,257.3,14.1,1.516,2.715,5.92425,4.6455,0.140999999999999,0.132750000000001,0.23725
20.6,7.2,7.16,3.05,0.484,0.105,2.88,539.8,13.8,-0.01575,0.944,3.75175,2.09075,0.303249999999999,0.278500000000001,0.278500000000001
20.9,6.81,8.26,3.62,0.957,0.095,2.43,16708.9,10.9,1.89,2.87175,5.40175,4.06525,1.329,0.6415,0.454499999999999
17.9,6.88,9.36,1.05,0.025,0.01,1.55,149.4,7.2,3.30625,4.068,5.81425,3.6775,2.638,1.032,0.56175
21.2,7.33,8.4,0.82,0.065,0.028,1.28,107.5,8.2,4.32925,5.11025,7.1425,4.695,3.08075,1.23825,0.726750000000001
19.6,7.44,8.34,1.55,0.152,0.037,2.06,199.8,15,3.75175,4.4145,6.2515,3.9195,2.34375,0.82025,0.438
18.5,7.1,8.9,0.99,0.034,0.014,0.94,99.8,7.5,4.574,5.34675,7.82725,4.871,2.39875,0.9935,0.564499999999998
20.7,8.18,8.43,2.62,0.535,0.02,1.18,44992.2,16,4.28525,6.279,9.491,7.31025,5.3935,2.54175,1.63425
19.7,7.56,9.34,0.58,0.025,0.014,0.4,86.8,6.5,5.27525,5.49525,5.696,2.84425,2.2145,0.715749999999998,0.361
22.2,6.35,6.65,3.23,0.464,0.056,3.62,152.3,42.6,5.3605,6.6805,10.9595,10.3655,5.608,2.26675,1.45275
19.7,7.56,9.27,0.58,0.025,0.02,0.38,87,4.9,5.0415,5.63825,6.389,3.09725,2.40425,0.86975,0.51775
21.6,7.6,7.65,3.93,0.285,0.035,2.54,4654,68.5,5.73725,6.6035,8.9905,6.79875,3.49875,1.483,0.911000000000001
19.8,7.63,9.64,0.85,0.025,0.019,1.76,280,9.4,6.2405,6.763,8.00325,5.23125,3.166,1.20525,0.710249999999998
21.8,7.19,8.33,3.17,0.025,0.027,3.86,583.2,10,4.42,5.091,6.80975,5.0195,3.29525,1.22175,0.713
20.8,7.63,5.81,1.6,0.45,0.075,2.94,285.7,22,3.8865,5.388,7.896,5.8005,3.76,1.802,1.19425
20.4,7.55,6.35,1.39,0.155,0.049,2.46,226.7,4.9,4.9095,6.2955,8.71,6.07,3.91125,1.6975,1.05125
20.5,7.8,8.11,1.92,0.123,0.055,2.63,4225.7,23.5,5.39625,6.41375,9.161,6.56775,4.04325,1.57375,0.979749999999999
20.7,7.93,7.68,2.02,0.248,0.04,2.92,11671.2,28.1,7.18925,8.40475,10.46175,8.82,6.83725,7.25525,5.982
21.8,7.42,6.31,4.42,0.025,0.147,5.36,597.6,38.3,4.68675,5.64375,7.81625,6.279,4.5685,1.868,1.153
22,8.72,6.34,3.7,0.025,0.036,3.17,2770.9,61.6,6.28725,7.01325,9.051,6.98025,3.57575,1.4005,0.900000000000001
21.7,7.32,5.44,3.56,0.05,0.074,4.98,3687.9,22.8,6.84825,7.56325,9.37825,7.22775,3.63075,1.318,0.79275
20.6,7.69,7.07,3.2,0.129,0.055,3.12,400.2,115.3,4.332,6.037,9.2105,7.05725,3.96075,1.76625,1.087
20.7,7.47,6.88,1.57,0.183,0.066,2.94,360.2,17.1,4.12025,5.6795,8.7155,6.79875,3.90575,1.58475,0.999
22,7.37,7.11,1.46,0.094,0.033,1.79,160,25.5,1.263,3.68025,9.57625,6.455,2.4125,1.274,0.897249999999999
19.6,7.57,9.19,1.32,0.097,0.032,1.59,145.1,14.7,5.21475,5.6685,7.39825,5.2725,3.73525,1.41975,0.79275
20.4,7.43,9.74,1.16,0.025,0.013,0.9,101.9,5.1,4.332,5.35225,8.0115,5.5915,3.93875,1.81025,1.12275
20.7,7.68,10.08,1.51,0.065,0.026,1.78,289.9,15.9,7.51925,8.00325,9.612,6.52925,3.63075,1.33725,0.795499999999999
23.3,7.98,7.64,5.54,0.156,0.087,15.67,4500.5,20.1,4.101,5.14325,7.39275,6.03425,4.277,2.03025,1.362
20,7.2,8.84,1.91,0.043,0.052,2.2,255.2,9.3,5.3495,6.0755,8.08025,6.07275,4.8985,1.89275,1.13925
20.5,7.45,7.42,2.14,0.124,0.058,2.5,317.7,8.3,6.03975,6.9775,9.128,6.34775,3.2045,1.12,0.625000000000001
21.1,7.97,8.61,1.6,0.127,0.075,1.84,5589.7,19.7,6.0315,6.5265,7.72,5.223,3.507,1.33725,0.770750000000001
20,7.62,9.36,1.44,0.025,0.056,1.92,198.8,8.1,1.84875,2.73975,5.02225,2.71775,2.33825,1.04025,0.6965
20.9,7.22,8.1,3.43,0.099,0.091,1.88,164.2,9.1,4.9425,5.542,7.709,6.51,4.80225,4.62625,3.90025
21.6,8.9,9.38,9.2,0.029,0.069,4.52,6786.6,75.2,1.68375,2.6105,4.37875,2.99825,1.461,0.743250000000001,0.54525
20.1,7.65,7.06,3.59,0.375,0.102,2.92,28459.6,22.3,4.01575,5.22575,7.9455,6.25425,3.1055,2.1595,1.99725
21.8,7.51,8.69,1.23,0.025,0.017,1.74,219,23.5,4.266,4.838,6.43575,4.4915,2.66,2.165,1.67
26.4,6.3,6.42,3.72,0.086,0.054,3.65,207.4,26.8,-8.11725,-7.4545,5.597,2.43725,1.46375,2.22825,1.62325
20.3,7.65,7.17,3.27,0.621,0.121,3.37,29643.3,66.7,7.17275,8.22875,10.15925,8.666,6.18275,4.10925,2.91025
21.2,7.47,8.56,1.26,0.026,0.018,1.79,195.5,29.2,7.14525,7.6595,9.0345,7.2415,5.26425,2.231,1.3455
20.8,7.37,6.66,2.07,0.219,0.062,2.68,302.4,9.4,-0.2275,2.715,9.51025,7.126,5.487,3.86175,2.87175
22.5,6.74,9.1,0.73,0.025,0.012,1.53,145.4,8.6,4.7225,6.147,9.43325,7.81625,5.861,2.59125,1.5325
24.3,7.23,8,1,0.026,0.023,1.1,99.5,10.6,5.74,6.466,8.97675,6.88125,5.27525,2.27225,1.3345
22.9,7.17,9.08,1.11,0.025,0.022,1.08,98.6,11.3,1.4995,2.55275,5.45675,3.19625,3.2155,1.4775,0.977
24.3,8.13,8.2,2.65,0.685,0.019,1.04,49609.4,7.7,4.31825,5.92975,9.42225,7.137,5.8115,3.42175,3.25675
23.7,7.52,9.71,0.89,0.025,0.019,0.39,82.2,7.1,7.68975,8.33325,9.65875,6.06725,5.55575,2.2475,1.22725
21.2,8.2,9.74,7.95,0.265,0.145,2.43,10937.4,5,3.43,4.16975,5.64925,4.30725,3.5895,2.15675,1.45825
20.7,7.74,7.41,5,0.862,0.12,3.32,11906.3,80.7,5.85,6.829,9.051,6.983,3.848,2.484,2.132
23.1,7.45,8.26,1.33,0.025,0.018,1.62,185.1,15,4.629,5.5035,7.808,5.91875,3.683,2.10175,1.83775
24,7.74,8.68,1.62,0.097,0.035,2.13,204.7,10.7,6.136,7.60175,10.93475,7.84375,7.0545,3.254,2.17325
24.7,7.38,8.86,1.24,0.025,0.016,0.87,114.9,4.9,0.754250000000001,2.1155,6.224,0.440750000000001,4.10925,2.26125,2.132
23.2,7.49,7.22,6.62,0.551,0.229,1.91,9706.8,8.5,3.96075,4.86,6.74925,5.04425,3.617,2.187,1.54625
22.2,7.65,8.02,3.49,0.702,0.1,2.53,32646.9,50.8,6.3945,7.038,8.66325,6.49075,3.75175,2.0385,1.6095
24.7,7.54,7.89,1.31,0.025,0.016,2.17,192.3,5.8,6.4935,6.9665,8.22325,6.46325,4.98375,2.82775,1.956
23.3,8.08,8.43,0.46,0.025,0.017,2.06,313.9,10.6,6.22125,7.64575,11.27025,9.39475,6.74375,5.069,3.79575
29.1,7.08,5.08,4.7,0.025,0.054,3.27,494.6,13.5,5.58875,6.642,9.95025,9.19125,5.179,3.441,2.704
29.6,7.28,3.23,4.47,0.025,0.219,4.71,448,59.6,-2.59525,-1.8775,1.49675,-0.838,-0.32925,1.1035,1.21075
26.8,7.48,6.69,1.66,0.025,0.059,2.48,286.3,10.4,-5.854,-2.6475,5.32475,2.17875,2.737,5.1405,4.2605
28.9,7.33,6.15,1.58,0.025,0.038,1.78,200.2,25.9,-4.9465,-2.22675,4.86825,2.48675,3.232,3.7435,3.3145
30.3,7.46,4.65,3.34,0.741,0.158,6.54,3118.3,42.3,6.9335,8.292,11.779,11.3225,7.7145,7.67875,6.312
27.5,7.78,7.52,1.84,0.025,0.056,2.31,269.9,7.5,6.29275,6.741,9.2765,6.39725,5.03875,2.27775,1.56
27.6,7.64,7,2.42,0.025,0.059,2.4,274.3,16.8,0.57825,1.835,5.982,2.836,1.1365,1.1365,0.985249999999999
27.8,7.98,7.12,1.3,0.042,0.089,2.42,693.8,65.6,9.09225,10.34075,14.17425,13.47025,7.5,4.64275,3.4905
28.2,7.53,5.89,2.77,0.028,0.081,2.42,240.1,68,0.459999999999999,1.68925,6.1415,4.82425,2.31075,1.83775,1.4225
27,7.51,5.65,2.02,0.025,0.063,2.61,217.4,86.6,6.59525,8.22325,13.8195,14.14675,4.7445,3.18525,2.49775
29.5,7.13,3.9,3.58,0.025,0.069,3.03,400.8,153.6,5.86925,7.53575,12.49675,13.143,5.96275,2.605,2.12375
26.2,7.4,8.13,3.22,0.025,0.123,3.94,0.3,131.6,8.42675,9.62025,13.41525,12.73875,4.59875,1.6755,1.1805
27.2,7.5,5.98,3.33,0.025,0.07,3.19,235,84.5,3.617,4.629,7.77775,7.38175,3.46575,1.65625,1.197
31.5,7.41,7.33,1.41,0.025,0.02,0.64,132.2,7.1,3.628,4.05425,6.59525,3.78475,3.26225,1.44175,0.84225
31.1,7.35,5.84,1.8,0.025,0.065,2.16,219.1,53.9,2.56925,2.84975,4.16425,2.84425,2.25575,1.3125,0.916500000000001
27.4,7.45,7.74,1.2,0.025,0.051,1.84,217.5,35.9,4.299,6.45225,13.3905,10.95125,2.04675,2.1155,1.92025
31.1,7.54,4.88,6.47,0.181,0.179,7.82,1711.8,83.7,4.02675,5.86375,10.6735,9.293,6.147,4.70325,3.17425
28.9,7.78,6.64,1.07,0.046,0.064,1.77,305.9,53.3,6.279,7.13425,10.25,9.30675,4.62075,3.474,2.616
24.9,7.42,8.13,0.76,0.025,0.02,2.2,272.5,45.7,1.97525,4.37325,11.95775,11.29775,5.28625,3.05875,2.066
31.4,6.96,8.09,2.21,0.109,0.065,2.62,153.4,249.3,7.4175,8.2865,12.813,12.06775,5.78125,2.0055,1.1915
28.1,7.4,5.64,2.35,0.025,0.058,2.34,220.7,29.9,-1.0855,1.50775,8.237,6.95825,5.4705,5.65475,4.761
28.3,7.48,5.72,2.38,0.025,0.079,2.78,272.1,49,-1.2285,0.83125,6.356,4.86825,2.1155,2.43175,1.9945
28.2,7.41,6.18,1.75,0.05,0.063,2.33,253.1,21.7,5.6245,7.4945,12.26575,10.61025,6.411,5.13225,3.96625
30.8,7.04,5.22,2.25,0.025,0.064,2.34,214.9,24.2,7.92625,9.392,13.54175,11.40225,8.336,6.76575,4.94525
27.6,7.42,7.08,1.21,0.025,0.054,2.04,245.3,32.6,4.40625,5.79225,13.286,7.896,1.274,3.1385,2.88
30.4,7.51,5.44,4.8,0.104,0.125,5.75,5739.7,37.1,8.974,10.7835,15.79125,12.84325,8.677,7.87125,5.90225
29,7.63,7.22,2.56,0.025,0.064,2.08,212.5,28.3,3.82875,4.7885,9.0895,6.07,3.91125,3.51525,2.84425
29.6,7.8,7.65,3.01,0.048,0.086,2.56,192.1,26.4,2.28875,3.496,6.67225,4.5795,0.724,1.263,1.87075
29.7,7.24,6.56,1.84,0.025,0.058,2.02,159.5,30.4,5.44025,6.98025,11.636,9.75775,6.00125,3.881,2.72325
29.8,7.17,6.35,1.48,0.025,0.024,0.87,162.7,18.3,5.04975,5.7565,9.095,7.07925,4.10375,1.91475,1.18875
28.6,7.68,8.12,3.48,0.025,0.092,4.88,247.9,480.5,6.609,7.357,12.35375,14.089,5.72075,1.64525,0.985249999999999
32.1,5.9,4.51,5,0.187,0.29,2.82,66.4,25.1,1.0265,1.56825,3.7105,2.49775,1.68925,1.00725,0.625000000000001
32.8,7.37,6.48,4.41,0.293,0.109,1.79,3635,6.2,1.318,1.9285,3.68575,2.42625,2.2915,1.648,1.109
33.1,7.62,6.14,6.56,1.045,0.099,2.17,6715.2,16.6,-11.508,-9.19525,-3.071,-4.072,-1.5805,1.14475,1.28775
30.9,7.5,6.93,3.57,0.06,0.066,2.65,188.5,8.4,-15.50375,-14.11225,1.02925,-2.63925,-0.662,2.91575,2.341
31.8,7.21,7.44,1.85,0.025,0.033,1.47,168.2,5.3,3.5675,3.7215,5.531,3.04775,2.011,1.252,0.844999999999999
31.5,7.51,6.12,7.26,0.595,0.08,2.13,1127.6,24.3,-7.64975,-6.5745,-2.5705,-3.5055,-1.564,1.252,1.252
34.4,9.56,14.37,10.51,0.025,0.099,1.73,189.9,59.5,4.44475,5.83075,10.7175,9.821,5.56125,1.98075,1.4885
26.9,7.12,7.86,2.07,0.025,0.014,1.73,170.8,18,2.88,4.07075,7.027,4.46675,2.5995,1.1805,0.7295
31.4,7.5,8.76,1.48,0.025,0.028,1.59,127,11.5,4.54375,4.90675,7.00775,5.35775,3.9855,1.57925,0.966
31.5,7.18,4.37,2.12,0.025,0.05,2.75,272.2,13.1,0.201499999999999,1.48575,5.04975,2.51975,0.58375,0.487499999999999,0.48475
31.2,6.49,4.95,2.01,0.025,0.032,0.9,149.3,39.1,3.6005,4.717,8.24525,5.67675,4.607,2.12375,1.33725
31.4,7.88,8.02,0.87,0.025,0.005,0.52,96.2,10.8,0.0420000000000004,1.417,3.386,0.23175,0.6745,1.24925,1.17225
31.5,7.31,6.67,1.96,0.025,0.028,1.71,162,50.7,4.53275,6.08925,10.976,8.78425,6.85375,3.29525,2.22825
30.2,7.12,7.52,3.86,0.025,0.065,1.93,147.2,19.6,1.549,2.5885,5.8995,3.3255,2.2475,1.01275,0.647
32.1,6.55,6.25,6.57,0.299,0.125,3.1,159.2,48.2,5.2175,6.90325,12.34,13.34925,6.7575,3.8975,2.8635
31.6,6.98,6.48,2,0.025,0.059,2.14,169.2,15.9,1.747,2.803,6.3285,4.12575,1.395,0.773499999999999,0.498499999999999
33.5,8.19,10.29,8.57,1.724,0.126,4.27,2784.1,93.1,0.770750000000001,1.52975,3.2375,2.2145,1.69475,1.27125,1.05125
30.9,7.71,7.7,6.69,0.26,0.245,5.48,1863.7,271.6,4.2715,4.97,6.77125,5.36875,2.93775,2.35475,2.077
32.2,7.83,7.29,1.37,0.025,0.026,1.91,279.1,8.3,5.9655,6.3285,8.809,6.4055,5.73725,3.34475,2.63525
31.6,6.57,2.84,3.05,0.141,0.18,2.53,395.7,20,0.941249999999999,1.857,4.893,3.87,1.26575,0.86425,0.776250000000001
31.2,7.24,5.25,4.73,0.365,0.132,1.94,5560.7,23.6,-1.4925,-0.81325,0.614000000000001,-0.16975,0.171250000000001,0.308749999999999,0.314249999999999
31.6,8.28,6.36,6.56,0.025,0.023,1.15,130,6.9,2.03575,2.63525,6.444,3.4355,2.8965,1.61225,1.1365
29.4,6.88,6.49,1.4,0.025,0.022,1.23,104.6,19.9,3.65825,4.596,8.4075,5.88575,4.93975,1.96425,1.11175
32.9,7.25,6.46,2.53,0.025,0.023,1.93,149.3,22.9,5.6465,6.5815,9.18575,7.4835,5.47875,3.958,3.04225
32.9,7.64,7.45,2.21,0.025,0.034,1.37,155.5,4.8,3.79575,4.36775,6.5595,4.0625,3.232,0.979749999999999,0.51775
32.2,7.99,8.25,0.84,0.025,0.005,0.57,97.4,2,1.483,2.48675,3.859,0.171250000000001,1.18875,0.413249999999998,0.319749999999999
33.2,7.84,8.03,1.69,0.025,0.032,1.66,168.4,15.7,1.648,2.4345,5.05525,2.748,3.36125,1.4225,0.9605
31.9,7.62,2.73,7.45,0.216,0.328,2.34,1056.2,60.7,2.0385,2.9735,5.52,3.87825,2.51975,1.81025,1.46925
32.4,7.25,6.58,3.9,0.166,0.051,1.55,7083.2,15.4,0.267499999999998,0.564499999999998,2.53625,0.927500000000001,1.04025,1.3565,1.2685
29.6,7.43,5.04,3.53,0.643,0.109,2.57,35427.2,53.9,4.519,5.5695,7.841,5.20375,2.75075,1.56275,1.3015
33.2,7.65,7.15,2.09,0.025,0.02,1.37,159.2,15,5.14875,6.21575,9.30675,7.05175,4.87925,2.429,1.8955
32.8,7.6,6.99,3.33,0.05,0.038,3.21,313.7,9.9,1.0045,1.714,4.1615,2.528,1.59575,0.828499999999999,0.52875
32.3,7.28,5.46,2.02,0.025,0.029,1.25,162.5,6.3,1.78,2.58575,5.256,3.7105,2.47575,1.648,1.19975
31.2,8.29,6.69,2.81,0.263,0.023,1.23,43192.6,8.6,4.07075,6.50725,9.392,7.478,6.0095,5.14875,3.584
32,7.97,8.57,0.82,0.025,0.005,0.57,94,1.8,0.795499999999999,1.64525,2.57475,-0.563,-0.34025,0.132750000000001,0.234499999999999
32,7.6,6.95,26.16,0.117,0.04,2.06,570.5,4,0.866999999999998,2.165,6.74375,4.332,3.3695,3.48775,2.69025
32.1,7.88,6.74,0.64,0.025,0.01,1.9,262,2,5.84725,6.9115,9.645,6.12775,5.32475,2.44,1.351
32.3,7.62,5.94,4.28,0.025,0.056,2.41,341.6,10.8,-11.55475,-7.60575,0.9495,-2.0975,0.457250000000001,0.974249999999999,0.770750000000001
32.1,8.42,8.44,2.8,0.025,0.056,1.87,280,6.5,1.7195,3.21,7.5495,4.354,4.34575,1.97525,1.26575
32.1,7.84,6.23,2.26,0.025,0.052,2.3,4227.7,30.2,4.024,5.18725,8.578,5.6355,4.50525,2.45925,1.813
32,7.66,6.38,3.23,0.112,0.042,2.24,14392.4,25.2,1.5435,3.6555,7.76675,5.289,4.53,7.269,5.76475
32.4,7.26,3.64,2.86,0.025,0.065,2.97,4354.6,49.2,5.17075,6.84,10.51675,7.51925,4.37875,1.98075,1.20525
32.3,7.38,4.35,4.07,0.025,0.1,4.56,3770.5,53.8,0.6415,3.15775,8.95475,5.52275,3.32275,1.7855,1.076
32.5,7.82,7.66,1.2,0.025,0.025,1.78,280.6,14.3,5.6025,6.532,9.1335,5.575,4.17525,1.9175,1.076
33.2,7.54,6.61,2.62,0.156,0.056,2.21,253,14.7,4.02125,5.1845,8.6495,5.5035,5.5255,2.2915,1.2905
32.4,8.25,6.18,0.81,0.025,0.054,1.75,7015.4,32.7,5.41275,6.60075,9.2325,6.0315,3.331,1.593,1.07875
30.4,8.43,5.19,7.02,0.216,0.341,1.48,2879.8,28.6,2.451,3.47125,5.63275,4.23575,2.40425,1.46375,1.10075
29.7,7.63,6.2,2.79,0.756,0.112,2.38,36892.9,280,3.5015,4.45575,6.9115,4.3375,2.21175,1.84875,1.571
31.1,7.71,7.34,1.94,0.025,0.023,1.18,163.8,17.4,4.1285,4.75275,6.807,5.135,2.82775,1.85425,1.34825
28.5,7.03,4.19,3.69,0.619,0.141,4.18,179.2,92.9,6.11675,7.8465,13.704,14.46025,4.63725,1.065,0.644249999999999
28.7,8.23,6.88,3.98,0.291,0.037,1.8,39800.4,45,4.86275,6.829,12.901,12.0925,5.73175,3.771,3.34475
26.4,7.55,7.68,0.45,0.025,0.005,0.64,98.9,1.8,0.0695000000000001,1.06225,2.3685,0.0227499999999992,0.443499999999999,0.586500000000001,0.569999999999998
26.3,7.83,6.33,2.74,0.096,0.063,2.74,2243.6,33.1,4.6235,6.015,9.90625,7.20575,2.87175,1.263,0.84775
25.9,7.88,6.94,3.51,0.139,0.054,2.52,18993.7,23.6,3.474,5.2725,9.11425,6.972,5.201,7.43675,6.35325
24,6.95,6.69,1.27,0.21,0.052,1.86,139,20.4,5.5475,6.5595,10.15375,8.87225,5.7895,6.3945,5.696
25,6.98,7.89,1.48,0.025,0.023,0.93,129.1,12.2,0.58375,1.66725,5.06625,2.9625,1.8845,0.704749999999998,0.454499999999999
27,7.37,3.63,3.88,0.796,0.165,5.46,11441.3,20.8,3.76825,5.02225,7.753,5.66575,2.31625,1.5215,1.1255
25.4,8.15,6.93,1.12,0.025,0.078,1.86,13282.8,66.3,5.91325,7.62375,12.17225,9.14725,7.06825,6.74375,4.87375
28.4,7.35,7.61,1.62,0.025,0.053,1.78,179.9,16.1,1.527,2.29975,5.6025,2.68475,1.934,1.32075,0.908249999999999
26.5,7.04,3.53,6.36,0.929,0.106,3.92,441.8,64.3,0.369249999999999,0.636,1.23275,0.314249999999999,-0.08175,0.358249999999999,0.3775
29.2,7.56,7.81,1.53,0.025,0.02,1.12,147,18.2,4.47775,5.036,7.3185,5.58325,3.243,1.9725,1.78
23.5,7.38,7.04,1.44,0.038,0.077,1.3,218.3,44.6,6.466,7.324,12.12825,11.328,4.51075,1.17225,0.56175
24.2,7.23,6.57,2.54,0.477,0.045,3.01,267.9,31.3,2.37125,3.17425,6.059,5.069,1.74975,0.79825,0.644249999999999
24.4,6.96,6.54,1.8,0.218,0.127,1.85,110.5,17.4,2.6435,3.34475,6.1745,4.50525,1.22725,0.407749999999998,0.278500000000001
22.8,7.01,7.72,3.08,0.397,0.146,2.48,223.4,30.8,5.399,5.8885,9.326,8.22875,5.45675,4.8985,5.4265
24.1,7.32,7.6,1.92,0.417,0.143,2.92,171.2,18.1,4.12575,4.7995,7.654,6.5595,4.992,5.34125,4.607
23.1,7.06,5.81,3.68,0.381,0.109,1.85,1732,12.8,1.846,2.71775,5.0745,4.1835,1.5875,0.638749999999999,0.424249999999998
23.5,8.1,9.27,1.54,0.025,0.021,0.96,163.3,10.8,1.9285,2.8305,5.08,3.3145,2.957,0.979749999999999,0.536999999999999
24.3,9.08,11.3,2.83,0.025,0.044,1.13,129.3,12.7,3.8315,3.991,5.79775,3.96075,3.628,1.32075,0.778999999999999
25.3,7.52,8.1,0.86,0.025,0.005,0.62,108.7,2.3,3.1055,3.43275,3.595,1.54075,1.54625,0.658,0.4105
25.1,7.77,7.46,2.47,0.198,0.044,1.49,15321.7,25.4,7.61825,9.10875,13.0385,9.7385,8.49275,4.34575,2.418
26.8,7.26,7.72,1.61,0.025,0.053,1.55,190.6,9.2,0.245499999999998,0.9605,2.748,0.963249999999999,1.2685,0.54525,0.369249999999999
26.6,8.84,10.87,7.52,0.025,0.079,1.91,905.1,31.5,0.206999999999999,1.571,4.233,2.869,1.54625,0.87525,0.600249999999999
26.5,6.89,3.67,3.22,0.323,0.049,2.03,12753.2,12.6,2.6875,4.046,7.27725,5.40725,4.3925,3.4685,2.80025
25.5,7.8,6.72,4,0.288,0.112,2.7,28319,61.8,2.85525,4.32375,7.049,5.26975,2.73975,1.72225,1.3125
26.7,7.55,8.47,1.56,0.025,0.019,1.25,162.3,18.7,0.000749999999999362,1.75525,6.59525,4.2495,2.1485,2.75625,2.20075
21,7.59,7.7,0.98,0.025,0.05,1.14,233.1,44.5,5.93525,7.203,13.32175,13.682,3.55925,0.968749999999999,0.57275
23.8,7.72,7.2,0.77,0.025,0.031,1.97,258.8,20.6,2.94875,4.14775,7.863,5.828,3.74075,1.66725,1.55725
22.5,7.75,7.11,1.74,0.025,0.061,1.95,257.3,16.4,3.17425,3.782,5.98475,4.26325,2.1375,0.800999999999999,0.443499999999999
22.9,7.37,5.76,1.38,0.222,0.049,2.14,273.5,23.2,3.3255,3.99375,6.4385,5.5255,1.824,0.7075,0.50125
21.8,7.69,8.84,1.11,0.025,0.015,1.4,170.2,9.6,1.34275,2.53075,5.27525,3.243,1.29325,0.699249999999998,0.476499999999999
24.9,8.52,7.71,3.2,0.492,0.022,1.21,38465.6,4.8,3.27875,3.98275,7.3955,4.49975,2.957,1.83225,1.967
20.1,7.46,8.26,1.46,0.025,0.033,1.46,234.9,17.2,4.57125,5.09925,7.3515,5.42925,4.19725,2.72875,2.10725
23.1,7.43,8.29,0.89,0.025,0.005,0.56,105.7,8.6,4.70325,5.1625,5.20925,2.5555,2.40425,0.9385,0.50675
22.9,7.43,6.13,3.27,0.103,0.054,3.69,13272.3,48.5,5.223,6.488,9.75225,8.4185,2.64075,0.9935,0.58375
23.3,7.73,7.5,0.36,0.025,0.024,2.04,307,13.7,3.79575,5.0745,7.41475,5.9985,4.442,3.0615,2.92125
24,7.26,6.29,3.22,0.025,0.081,2.96,290.9,12.6,4.343,5.58875,8.70725,6.5815,3.67475,1.50775,0.82575
22.8,7.51,6.52,1.93,0.025,0.05,2.22,273.3,18.7,4.31275,5.64375,8.75125,6.796,3.2375,1.3345,0.795499999999999
23.8,7.33,5.73,3.36,0.025,0.069,4.26,5702.9,109.4,5.553,6.90325,10.09325,9.63125,3.64175,1.252,0.754250000000001
23.6,7.43,5.12,4.06,0.116,0.09,4.58,8271.7,83.4,6.95825,8.12975,10.76975,9.70275,3.683,1.25475,0.765250000000001
22.9,7.58,6.87,1.93,0.025,0.06,2.48,297.4,21.2,3.0505,4.7995,8.413,6.73825,3.5565,1.42525,0.872499999999998
24.2,7.19,7.18,1.78,0.025,0.06,2.68,253,15.2,3.7655,4.85725,7.5165,5.28075,4.145,1.5105,0.781750000000001
23.5,7.4,5.96,2.03,0.088,0.046,2.32,213.7,12.6,3.64725,4.33475,6.71625,5.0745,3.221,1.142,0.586500000000001
22.5,9.24,11.05,2.4,0.025,0.024,0.87,130.1,10.3,2.429,3.298,5.685,4.068,3.64175,1.35925,0.762499999999999
24.6,7.49,5.6,4.65,0.205,0.14,7.3,16231.8,42.8,3.3255,4.772,8.006,6.32575,3.85075,1.6865,1.0375
23,7.8,7.66,0.89,0.133,0.06,0.92,11311.2,46.8,6.72725,7.885,10.756,9.32875,3.375,1.0815,0.6525
24.2,7.37,8.09,1.56,0.025,0.048,1.48,190,11,2.1485,3.06425,5.00575,2.63525,1.8295,0.850499999999998,0.487499999999999
24.2,8.05,8.15,5.04,0.276,0.124,2.47,20383,12.2,2.41525,4.288,7.92625,6.33675,3.749,2.407,1.78825
23.3,7.86,9.04,2.29,0.025,0.022,1.36,173.9,16.7,4.34575,5.24225,8.05825,6.10025,3.5455,2.1815,1.66175
19.8,7.47,8.24,0.92,0.025,0.057,0.95,201,48.9,6.356,7.698,14.09175,14.804,3.93875,1.0045,0.592000000000001
21.4,7.69,8.1,0.65,0.025,0.025,1.9,254.2,14.2,4.2495,5.18175,7.59625,5.75375,4.6455,3.92225,2.54175
20.7,7.9,8.22,1.63,0.025,0.044,1.78,271.4,10.6,3.1825,3.7765,5.707,3.89475,1.99725,0.9825,0.611249999999999
21.1,7.57,7.46,1.89,0.136,0.054,1.9,260.7,17.3,3.54825,4.354,6.72725,5.0745,1.7305,0.748750000000001,0.564499999999998
22.4,7.02,6.56,1.76,0.258,0.148,1.7,112,24.2,0.0695000000000001,1.3785,5.16525,3.76275,0.636,0.614000000000001,0.605749999999999
22.2,6.9,7.43,2.56,0.38,0.061,2.2,5473.9,5,2.69025,3.41075,5.4485,3.9085,1.87075,0.966,0.702
20,7.52,8.59,1.65,0.025,0.011,1.44,177.1,11.6,2.16775,3.04775,5.46225,3.9085,1.58475,0.6525,0.3775
21.2,8.71,10.93,2.16,0.025,0.037,1.02,129.4,7.7,3.01475,3.2155,4.93425,3.19075,2.1265,0.996249999999999,0.658
22.5,7.51,6.8,1.93,0.069,0.038,1.9,189.4,17.8,3.6445,4.47225,7.15075,5.311,3.47125,1.92575,1.47475
19.8,8.73,10.5,2.56,0.025,0.033,0.99,131.9,13,2.957,3.54,5.8225,4.255,3.74625,2.275,1.68375
23.8,8.6,8.24,2.99,0.478,0.022,1.27,44750.8,10.4,2.385,3.70225,7.03525,5.00025,3.7545,3.001,2.748
21.8,7.39,8.37,0.88,0.025,0.005,0.54,104.8,3.7,0.4215,1.593,2.90475,-0.13125,-0.15875,0.176750000000001,0.23175
21.7,6.82,8.36,2.41,0.073,0.046,3.02,174.8,14.9,1.4005,2.506,5.2835,4.11475,2.44,1.01,0.633249999999999
20.8,6.53,6.87,2.6,0.09,0.058,2.74,114.9,53.9,4.5025,6.246,11.966,12.6755,3.8205,1.17225,0.789999999999999
22.1,8.75,10.5,4.97,0.025,0.055,1.49,213.9,21.2,1.3785,2.61875,6.1195,4.4365,2.90475,1.65625,1.3015
21.2,8.36,9.75,4.75,0.025,0.021,1.37,134.7,11.2,2.88,3.3585,5.6135,3.65825,2.77825,1.208,0.743250000000001
20.5,7.35,8.26,0.61,0.025,0.005,0.52,103,12.2,0.272999999999998,1.52975,3.012,0.0667499999999988,-0.002,0.352749999999999,0.35
19.9,7.49,6.97,3.68,0.1,0.06,2.96,18265,53.6,4.13675,5.3715,8.75675,8.5945,2.506,0.702,0.53975
20.5,7.94,8.82,1.08,0.025,0.022,2.19,320.4,12.9,3.617,4.7775,6.62,5.29175,3.73525,3.4355,2.539
19.7,7.51,7.62,2.33,0.053,0.1,3.2,397.7,39.6,5.69325,6.5925,9.953,9.17475,4.9095,2.19525,1.989
21.4,7.91,9.06,1.06,0.025,0.017,1.91,272.7,6.1,4.78575,5.322,7.09575,4.57675,1.79925,0.762499999999999,0.52325
20.5,7.47,7.56,3.14,0.025,0.065,2.84,307.4,12.4,4.53825,5.39075,7.75575,6.004,2.14025,0.78725,0.520499999999999
20,7.54,7.25,2.11,0.276,0.086,2.94,356.3,24.8,4.0515,5.00025,7.6045,7.368,2.73425,1.05125,0.811999999999999
20.1,7.67,7.85,1.88,0.066,0.046,2.38,277.9,68.9,4.508,5.29175,8.0775,6.62275,1.857,0.781750000000001,0.558999999999998
20.4,7.92,8.23,1.85,0.109,0.059,2.74,5274.5,41.1,5.20375,6.34225,9.469,7.1975,2.31075,0.908249999999999,0.608500000000001
19.1,7.48,6.78,4.18,0.025,0.19,5.49,602,54.4,3.56475,4.52175,7.46425,6.40825,2.4565,0.922000000000001,0.6965
20.6,7.47,6.33,1.28,0.123,0.094,4.63,9185,67.1,5.15975,6.257,9.03175,7.3515,1.85975,0.671749999999999,0.503999999999999
20.6,7.53,6.07,4.94,0.288,0.103,5.25,11113.2,114.8,5.81975,6.8785,9.48825,8.41575,2.4895,1.01275,0.776250000000001
20,7.55,7.76,1.92,0.097,0.068,3.26,1335.7,38.8,4.38975,5.718,9.15,8.501,2.3905,0.902749999999999,0.677249999999999
20,7.54,7.44,1.85,0.062,0.058,2.64,378,25.4,4.18075,5.71525,9.271,7.137,1.94775,0.941249999999999,0.6525
18.2,7.1,9.39,0.79,0.025,0.019,1.05,108.3,7,3.08075,3.7325,6.15525,3.6555,2.077,0.902749999999999,0.56175
21.2,7.48,8.85,1.66,0.025,0.042,2.55,276.9,18.6,4.3155,4.93975,7.51375,5.4045,1.97525,0.781750000000001,0.503999999999999
20,7.63,7.78,1.66,0.128,0.036,2.11,203,8.9,0.039249999999999,1.1805,4.32375,2.759,0.79825,0.52875,0.479250000000001
18.4,9.04,10.75,2.24,0.025,0.029,0.74,145.6,12.1,3.0175,3.46025,5.5035,3.749,2.26675,1.1475,0.811999999999999
20.5,8.05,10.39,1.55,0.025,0.034,1.92,256.8,14.3,5.1845,5.51175,7.26075,4.78575,1.89275,0.86975,0.581000000000001
19.4,8.64,11.16,2.46,0.025,0.038,1.84,251.9,16.9,4.30725,4.37325,5.99025,3.93875,2.09625,0.897249999999999,0.509499999999999
19.7,7.28,6.85,1.58,0.673,0.042,3.09,278.9,23.9,5.003,5.773,8.81175,7.2635,2.055,0.726750000000001,0.479250000000001
20,8.26,8.66,0.91,0.163,0.048,0.95,12235.4,25.3,-0.101,2.28325,7.1425,5.12125,0.908249999999999,0.944,0.946749999999999
18.8,7.51,9.28,0.81,0.025,0.052,1.63,199.5,16.8,3.2705,4.05975,5.7345,3.11375,1.4445,0.735,0.498499999999999
18.9,8.57,9.65,8.92,0.025,0.083,2.94,1694.2,42.2,0.748750000000001,1.76075,4.34025,3.122,1.307,1.0265,0.911000000000001
21.9,8.39,16.05,7.81,0.192,0.116,1.82,18777.3,23,1.2025,2.6105,5.79225,4.211,3.20725,2.95425,2.53075
20.6,7.91,8.42,4.55,0.69,0.159,3.76,29841.3,136.6,4.189,5.36875,8.193,7.346,2.9295,1.57925,1.34275
20.7,8.03,9.15,1.87,0.025,0.017,1.32,168.1,23,3.85625,4.453,7.04625,4.959,1.9505,2.16225,1.5985
20.5,7.97,9.82,2.93,0.174,0.044,2.37,284.9,17.8,0.7295,2.4125,6.92525,4.607,2.11825,1.15025,0.80925
22,7.01,6.68,2.03,0.236,0.134,2.15,0.1,22.6,4.3045,5.2505,8.09125,6.07275,5.00575,1.95875,1.10625
19.2,7.5,8.91,1.3,0.025,0.01,1.49,175.5,4.1,2.62975,3.7325,6.07,4.31275,2.979,1.22175,0.647
20.7,8.57,11.17,2.17,0.025,0.032,1.07,132.1,6.7,4.21375,4.387,5.99025,4.18075,3.47125,1.35375,0.732250000000001
20.6,8.04,8.95,1.92,0.072,0.03,1.83,202.5,7.4,3.6335,4.1835,6.114,4.1615,2.132,0.784499999999999,0.48475
19.4,8.68,10.06,2.22,0.025,0.022,0.63,141.6,9.1,2.59675,3.2595,5.1295,3.441,2.81675,1.186,0.6635
20.2,7.43,8.48,0.69,0.025,0.005,0.52,103,2.9,0.1245,1.52975,3.2155,-0.05425,0.039249999999999,0.372,0.339
18.6,6.4,5.33,8.38,0.378,0.095,5.36,1572.8,70.3,0.54525,1.978,5.124,3.9305,2.858,2.60225,2.22825
20.7,6.92,4.48,2.85,0.431,0.048,1.64,12124.8,13.1,2.86625,3.97175,6.37525,4.63725,3.70775,3.6555,2.92125
19.7,7.33,4.62,4.27,0.492,0.134,2.46,4314.7,25,2.308,3.55375,5.817,4.62625,2.36025,1.51875,1.208
17.1,7.98,10.75,1.56,0.146,0.044,1.78,166.9,6.6,4.18075,4.574,6.3175,4.1175,1.76625,0.844999999999999,0.594749999999999
19.4,7.63,8.96,1.94,0.093,0.03,2.91,262.9,10.9,3.38325,3.7655,5.52,3.6665,1.27675,0.396749999999998,0.250999999999998
16.9,7.83,9.85,1.75,0.199,0.026,1.77,163.6,6.9,1.7085,2.20075,4.0295,2.41525,0.889000000000001,0.531499999999999,0.341749999999999
20.6,8.31,8.62,2.78,0.414,0.034,1.71,39964.3,12.1,1.90925,3.22925,7.049,4.98375,2.49225,1.6205,1.0375
17.9,7.25,8.25,0.67,0.025,0.005,0.52,101.2,2.7,1.11725,2.09075,2.8635,0.0172499999999992,-0.21925,0.151999999999999,0.165750000000001
20.1,7.41,7.52,2.7,0.033,0.045,2.85,182.5,10.8,2.88825,3.79575,5.83625,4.60425,3.452,1.4775,0.79825
19.5,6.99,7.08,3.9,0.369,0.06,3.11,16008.2,74.7,4.96175,6.34775,9.5185,7.7695,3.0615,1.26575,0.710249999999998
19.8,7.57,7.12,2.37,0.149,0.015,2.19,425,19.1,4.45025,5.48425,7.698,7.13975,4.9755,3.3365,1.90375
19.6,7.08,7,3.54,0.106,0.056,3.29,383.1,18.8,0.740499999999999,2.649,6.906,5.31375,3.1165,1.61225,1.01275
19.6,7.2,4.99,3.06,0.848,0.176,5.04,464.1,58,4.3485,5.608,8.15175,7.4945,4.74175,1.84875,1.11175
19.7,7.64,7.34,2.1,0.338,0.069,3.02,8388.1,41.6,4.93975,6.43025,10.2115,8.5175,4.1285,1.395,0.773499999999999
20.6,7.83,7.38,4.6,0.363,0.065,3.57,23585.2,87.9,2.968,4.7445,8.42125,7.09025,5.07175,5.67675,4.2165
19.3,7.36,5.26,5.44,0.56,0.259,6.22,605.7,82.1,4.55475,5.641,8.47625,7.115,4.6015,1.725,0.952249999999999
20.7,7.52,6.7,5.89,0.227,0.136,5.99,10531.5,170.3,0.51225,2.36575,7.01325,5.3165,1.1145,0.765250000000001,0.688249999999999
20.6,7.54,6.12,10.13,0.466,0.18,10.34,11312.6,1724.9,-0.849,0.272999999999998,2.49775,1.8625,1.23275,0.88625,0.605749999999999
18.8,6.95,9.23,1.34,0.082,0.034,1.5,151.4,19,3.05325,4.17525,7.41475,5.05525,4.86,1.593,0.80375
21.2,7.45,8.58,1.83,0.025,0.034,2.06,238.6,13,5.25875,6.46875,9.69175,7.1205,5.047,1.8185,0.883500000000001
19.9,7.85,9.1,1.21,0.041,0.027,2.17,299.7,14.4,3.27325,5.1845,9.161,6.455,3.75175,2.64075,1.8955
22.3,7.47,5.54,6.68,0.255,0.154,8.72,13372.1,71.4,3.43,4.5135,6.95825,6.1415,3.99925,1.62325,0.966
19.6,7.89,7.62,1.43,0.289,0.067,1.09,10638,32.2,1.648,3.81775,8.6605,7.1535,1.6975,0.822999999999999,0.603000000000001
18.9,7.26,9.1,1.26,0.025,0.066,2.15,203,9.2,3.6005,4.244,5.971,3.738,3.298,1.16675,0.6965
19.2,9.01,12.04,10.74,0.031,0.071,6.14,1936.9,74.4,3.0285,3.48775,4.60975,3.408,2.2915,0.564499999999998,0.608500000000001
19.6,7.42,4.57,4.29,0.997,0.164,3.15,19314.8,15.6,4.47225,5.4815,7.764,5.971,2.56925,1.31525,0.990749999999999
19.4,7.58,8.7,1.67,0.025,0.018,1.5,185.3,18.3,3.22925,4.552,7.4065,5.34125,3.02575,2.27225,1.5875
19,6.66,8.1,2.49,0.07,0.051,2.5,122.6,34.7,3.7875,5.487,10.52225,9.53775,4.46125,1.72775,1.032
16.9,8.01,9.62,5,0.115,0.056,2.03,1242,12.8,1.4335,2.70675,6.09475,4.16975,3.848,2.20625,1.483
13.6,7.76,10.33,0.58,0.025,0.017,1.85,272.7,1.7,1.89825,2.86075,6.202,3.92775,3.001,3.5345,3.0615
13.9,7.88,9.78,1.93,0.141,0.044,1.6,294.6,4.4,3.342,3.72975,5.0855,3.254,1.857,0.754250000000001,0.451750000000001
14.5,7.5,8.87,1.97,0.122,0.043,2.16,280.9,9.3,2.52525,3.68025,6.3725,4.30175,1.5435,0.781750000000001,0.581000000000001
17.4,7.32,8.9,0.63,0.025,0.005,0.45,98.6,3.9,0.4105,1.923,4.6455,1.186,2.39875,3.26225,2.33
12.7,7.78,10.02,1.84,0.094,0.096,2.6,244.6,73.5,3.76825,4.9645,9.117,9.06475,3.24025,1.18325,0.767999999999999
12.2,7.34,7.3,4.93,1.242,0.313,5.99,411,56.1,4.09825,5.28625,9.08125,7.357,2.6435,0.985249999999999,0.6855
12.3,7.66,9.9,2.24,0.312,0.074,2.7,229,19.2,1.9615,3.65275,8.6715,6.33125,2.00825,2.23375,2.15125
14.8,7.3,9.91,2.29,0.234,0.059,3.02,161.6,45.9,4.46125,5.6575,9.9365,9.0345,4.36775,1.33175,0.781750000000001
15.5,6.96,7,4.2,1.207,0.371,4.23,223.2,28.5,5.18175,6.092,8.78975,7.78325,5.51175,4.5795,4.057
14.3,7.27,6.49,5.97,1.785,0.25,4.6,608.9,9.8,2.22825,3.177,4.91225,3.496,2.07975,1.131,0.713
15.2,7.36,9.32,3.23,0.226,0.1,3.23,196.6,35.2,5.03875,5.9875,7.91525,6.49075,2.7865,1.41425,1.16125
15.9,7.11,9.22,1.63,0.271,0.062,2.75,194.5,16.7,5.861,6.598,9.12525,6.90325,3.144,2.30525,1.66725
15.8,7.66,9.47,2.47,0.334,0.085,2.87,252.7,26.6,5.87475,7.1865,9.99425,7.907,5.17075,1.9835,1.11175
20.8,7.59,9.51,0.6,0.025,0.005,0.46,99.8,3.2,0.23175,2.05775,5.6905,1.4555,2.50325,1.0815,0.691
16.3,7.95,9.54,0.83,0.025,0.026,2.16,264.8,7.2,4.23575,5.2945,8.13525,6.1305,4.46125,3.452,2.89375
21.8,6.39,8.09,3.22,0.179,0.044,3.08,202.4,17.6,0.6415,2.8745,8.0005,6.91975,4.05425,2.79475,2.19525
19.9,8.84,11.12,5.58,0.025,0.03,1.1,135,11,3.5235,3.98,6.983,4.60425,3.7325,1.87625,1.2465
20.3,7.47,7.08,4.74,0.131,0.121,3.44,3151,28.8,5.773,6.7905,9.57625,7.61825,4.057,1.8955,1.241
18.2,7.89,9.78,0.77,0.076,0.019,2.29,284.8,8.2,4.8325,5.71525,8.325,6.25975,4.79675,3.1495,3.1605
18,7.94,9.47,0.61,0.025,0.025,2.23,274.9,10.5,2.96525,4.7335,8.88325,5.586,3.3035,1.9175,1.274
21.8,6.7,4.34,4.11,0.725,0.151,4.24,256,1.9,0.374749999999999,1.57925,4.58775,2.77275,1.87625,1.28775,0.9825
19.2,7.41,7.03,1.83,0.178,0.053,2.53,297.4,8.2,5.12125,6.35325,8.5505,6.697,4.6235,2.572,1.82125
19.2,7.72,8.95,1.74,0.109,0.054,2.33,255.1,4.2,4.03225,5.2615,7.67875,5.68225,4.50525,2.47575,1.60125
18.7,7.89,9.35,1.02,0.075,0.046,2.5,324.5,11,3.782,4.97275,8.09125,5.09375,2.75075,1.4115,0.974249999999999
19,8.04,8.5,3.5,0.045,0.068,3.33,5124.6,48.6,4.73075,5.97375,9.3315,7.5495,5.9655,7.44775,6.24325
23.4,7.35,6.52,4.95,0.132,0.158,4.62,479.6,39.7,2.594,3.7985,6.77125,5.02775,4.02125,2.2695,1.593
21.8,7.17,6.8,2.71,0.038,0.055,3.59,554.5,20.7,3.51525,5.66575,9.7495,7.764,4.948,3.067,2.17325
22.3,7.21,6.4,3.91,0.06,0.071,4.01,588.6,38.4,1.912,3.727,7.72275,5.3935,2.64625,1.66725,1.24925
18.9,7.48,7.76,2.55,0.158,0.052,2.36,334.2,0.1,4.068,5.86925,9.37825,7.32125,6.14425,3.617,2.539
20.2,7.6,8.51,2.18,0.153,0.049,2.37,245.5,1.4,4.75,6.0205,8.391,6.11125,4.761,2.45375,1.62875
24.6,6.54,5.82,2.05,0.026,0.033,1.43,192.8,5.6,1.83225,3.13575,6.80425,4.73625,4.48875,2.42075,1.61775
20,7.88,10,1.09,0.056,0.039,2.25,282.1,7.3,5.751,6.8235,9.502,6.752,4.13125,2.08525,1.29875
23.2,7.99,11.74,8.96,0.204,0.189,8.97,3226.9,32.3,3.92225,4.739,7.09575,5.62725,4.37875,2.38225,1.6645
21.1,8.13,10.1,0.59,0.025,0.005,0.44,100.2,3,0.946749999999999,2.38775,5.76475,2.31075,3.68575,2.0165,1.39225
18.8,7.85,8.6,2.08,0.104,0.058,2.23,4976.2,42.7,7.29375,8.45425,11.4105,8.7485,4.552,2.10725,1.35375
20.6,7.47,9.57,1.35,0.025,0.049,2.01,173.2,24.9,0.636,1.428,3.9085,1.85975,2.09075,1.1475,0.784499999999999
24.1,9.25,13.94,7.66,0.025,0.098,3.05,1028.2,38.3,3.24025,3.52075,4.5245,3.31725,2.528,1.39225,0.9605
21.5,7.39,5.62,4.93,0.35,0.114,2.74,11146,26.2,4.4145,5.17075,7.49725,5.2175,2.9515,2.05775,1.72775
24.9,6.5,7.81,1.65,0.025,0.042,1.98,151.6,6.7,4.25775,4.673,6.1855,4.52725,3.232,3.045,2.04125
18.7,7.45,8.19,2.44,0.143,0.068,2.97,183.4,78.5,5.63825,6.67775,11.50675,11.5535,4.8105,1.76625,1.01825
19.6,7.61,7.54,1.14,0.035,0.034,2.28,276.2,17.2,5.62175,6.719,10.4205,8.5945,6.18275,5.50625,4.45575
19.4,7.52,7.37,1.27,0.053,0.057,1.98,229,6.5,4.90675,5.77025,8.37725,6.741,5.34675,3.87,2.9405
19.4,7.47,7.33,2.14,0.263,0.073,2.3,229.7,13.7,6.0095,7.038,9.9475,8.3745,5.23125,3.97725,3.3585
21.3,6.84,8,2.98,0.352,0.22,2.5,175.6,17.8,4.93975,5.58325,7.73925,6.70525,4.36775,3.089,2.38225
20.8,7.29,7.59,3.16,0.471,0.084,2.11,16774.4,18,2.5445,3.53725,5.94075,4.651,3.18525,1.725,1.15575
19.1,7.1,7.78,2.2,0.15,0.073,2.29,119,27.2,3.936,5.27525,9.71925,8.0665,3.1165,1.4665,0.9935
22.4,7.21,9.84,2.32,0.087,0.071,2.26,128.7,16.7,5.32475,6.29,10.29675,8.94925,4.3815,2.30525,1.505
21.8,7.25,7.48,2.98,0.173,0.07,2.84,180.8,13.3,3.903,4.43925,6.444,4.81325,2.58575,1.16675,0.745999999999999
21,6.44,7.68,2.64,0.093,0.059,2.4,132.3,11.5,4.99475,5.41275,7.753,5.75925,3.122,1.51325,0.908249999999999
21.7,8.69,8.63,3.65,0.025,0.023,1.09,39920.6,9.7,5.07175,6.356,9.777,6.642,5.3165,4.63725,3.98275
22.5,7.83,9.73,0.52,0.025,0.005,0.37,88.6,4.9,0.756999999999999,3.55375,8.54225,1.12,-0.3375,0.627749999999999,0.748750000000001
24.3,9.29,12.32,7.01,0.025,0.032,1.3,141.6,17.3,4.343,4.75825,8.31125,5.443,4.46675,1.88175,1.131
23.2,7.96,8.76,0.86,0.025,0.022,2.08,262.1,17.7,5.6135,6.98575,10.32975,6.829,5.4705,2.54725,1.55725
23.9,7.27,5.26,1.97,0.164,0.097,2.99,355.3,41.3,5.56125,7.016,10.56075,8.33325,5.3715,2.605,1.75525
23.6,7.57,7.55,2.2,0.025,0.043,2.21,239.5,8.4,-2.5045,0.520499999999999,7.72275,2.96525,1.70025,1.8405,1.4885
26.4,7.38,6.56,5.6,0.091,0.162,4.52,502.4,34.2,-1.20375,-0.2715,3.2705,0.0502499999999989,0.239999999999999,0.547999999999998,0.7075
25.1,7.45,7.54,2.75,0.025,0.067,3.51,719.1,27.7,5.1625,6.224,9.3095,7.3405,3.35025,1.615,1.13375
23.4,6.91,7.71,1.19,0.025,0.028,1.06,105.1,18.8,4.21375,5.8225,10.86325,6.90325,4.4255,1.615,0.905500000000001
23.8,7.83,8.62,1.24,0.025,0.027,2.22,267.5,8.9,5.927,6.82625,9.1445,6.18275,4.552,2.451,1.72225
23.8,7.93,9.29,2.26,0.032,0.051,2.19,224.4,20.9,1.274,2.9735,8.45425,5.421,3.672,1.263,0.79275
23.7,8,7.94,1.96,0.046,0.047,2.5,2338.6,33.4,8.36075,9.9915,13.92675,11.79825,6.9775,2.902,1.879
24.2,7.56,7.55,3.23,0.167,0.059,2.1,10919.1,16.2,5.69875,6.27075,7.9345,6.2075,4.58225,3.0835,2.50875
22.9,7.82,9.28,0.52,0.025,0.005,0.41,89.5,3.2,0.416,2.44,5.938,-0.03225,1.087,1.285,1.076
26.8,7.23,4.62,4.37,0.025,0.097,4.48,497.8,75.2,7.5,8.66875,12.29875,11.108,7.302,4.53,3.375
27,7.06,4.64,4.92,0.025,0.102,4.78,567.7,57.6,8.55875,9.7165,13.066,11.94125,7.70625,4.69225,3.496
29.4,7.61,7.11,7.49,0.151,0.169,9.14,2782.9,22.7,4.3485,5.1405,7.82725,6.1195,3.66925,2.17325,1.67275
24.7,7.46,6.17,2.65,0.055,0.054,1.91,211.3,12.6,1.1145,3.71325,9.711,6.5815,6.4385,3.2375,2.06875
22.6,7.51,8,0.85,0.025,0.014,1.91,294.7,8.4,1.879,3.738,8.73475,6.09475,5.47325,2.32725,1.56275
25.2,7.53,6.27,1.95,0.025,0.06,2.47,205.9,62.4,-6.42875,-1.58875,11.669,11.7625,7.5935,6.2845,5.23675
24.8,7.65,6.78,1.67,0.025,0.097,3.36,240.9,108,6.03425,8.633,14.44375,14.30625,8.281,6.29275,4.9205
24.9,7.33,6.87,1.86,0.025,0.063,2.48,214.4,59.8,5.91325,8.4185,15.23575,13.92125,9.1445,7.23325,5.8885
26.1,7.62,6.49,2.27,0.151,0.102,2.38,284.3,128.2,7.86575,10.844,18.159,17.96375,6.47975,3.705,2.946
28.7,6.51,6.38,2.97,0.206,0.087,2.27,124.2,44.6,5.83625,6.77675,11.16575,11.196,7.42575,8.10775,6.213
25.3,6.81,6.91,1.85,0.025,0.033,2.7,68.2,48.6,-12.66575,-9.6435,11.724,13.26675,2.32725,3.94975,2.99
28.8,6.95,7.75,1.15,0.062,0.031,1.25,1526.4,19.1,5.18725,6.73,12.5655,10.42325,4.68125,4.23575,3.3035
30.2,6.69,7.49,2.24,0.073,0.11,1.94,96.3,37.2,5.179,6.88675,12.93125,12.032,6.81525,5.74,3.463
33,6.58,8.08,4.86,0.077,0.092,2.81,148.2,36.4,3.2265,5.0305,10.88525,10.51675,6.1305,4.2165,3.06425
29,7.59,6.28,2.4,0.025,0.065,2.13,233.1,109.6,7.379,9.18025,14.97175,13.7535,7.5825,5.4595,4.167
29.8,7.53,5.96,2.74,0.213,0.127,2.24,222.1,183.8,10.98425,13.2255,19.0115,19.787,11.845,6.45775,4.74725
30.4,7.44,7.4,1.32,0.025,0.027,1.94,156,53.8,7.06275,7.56875,10.90175,8.4735,5.96825,1.72775,0.924749999999999
33,6.71,4.44,4.02,0.274,0.15,2.08,231.9,11.5,2.5225,3.23475,5.54475,4.73075,2.847,1.45275,1.00725
31.6,7.16,7.3,1.23,0.061,0.033,1.57,122.3,3.9,-10.89475,-7.6745,0.586500000000001,-3.423,-0.101,0.913749999999999,0.900000000000001
32,7.82,6.43,2.05,0.037,0.021,1.1,26868.1,9.3,0.0832499999999986,1.0705,5.8995,3.3255,2.59675,2.69025,3.1
28.7,6.45,4.23,4.27,0.229,0.158,2.56,103.6,93.9,-8.67275,-4.80625,4.63175,6.884,2.49225,1.51875,1.3015
29.6,7.61,6.21,5.3,0.025,0.029,0.81,96,13.4,1.10625,1.89,5.24775,3.276,2.726,2.044,1.50775
29.4,8.29,7.23,6.53,0.19,0.064,2.72,4579.3,22.8,1.51325,2.44825,4.6895,3.2925,2.176,0.778999999999999,0.589249999999999
29.9,7.49,6.93,3.19,0.745,0.161,1.97,16773.2,13.3,1.22725,3.0175,6.10025,3.71875,1.98075,1.20525,0.963249999999999
31.1,7.45,7,0.88,0.025,0.021,1.07,119.5,12.9,5.88575,6.3395,8.25075,6.0865,3.1165,2.154,1.52975
24.9,7.29,6.82,1.18,0.071,0.07,2.06,204.8,28.6,5.13775,6.24875,11.1795,9.84025,2.66,0.957749999999999,0.594749999999999
28.6,7.82,7.45,1.23,0.025,0.021,1.69,268.2,2.4,4.16425,4.84625,7.06275,4.5905,3.80675,2.98175,2.04675
27.5,7.39,7.16,1.94,0.025,0.029,1.69,217.4,13.2,4.45575,5.59425,9.26275,7.28275,3.53725,2.02475,1.49675
27.5,7.39,6.17,1.55,0.157,0.067,2.19,228.4,31.8,4.992,5.74275,8.5615,7.9015,3.85075,2.51975,2.07975
27,7.16,6.53,2.83,0.102,0.132,1.74,116.6,21.7,3.33925,4.013,6.19925,4.827,2.58025,1.30975,0.924749999999999
26,6.85,6.26,3.3,0.383,0.079,1.5,5345.7,14.2,2.3685,3.28425,5.883,4.3705,2.49225,1.109,0.7075
23.8,6.65,7.35,0.9,0.025,0.01,1.37,83.2,4.9,2.06875,3.05875,4.629,2.16775,1.34,0.80375,0.553499999999998
24.6,7.39,8.81,1.23,0.046,0.024,1.35,95.8,4.7,4.2385,4.53275,5.7235,3.463,2.715,1.285,0.828499999999999
26.7,7.37,6.38,1.19,0.045,0.037,2.34,159.9,10.3,2.9295,4.123,7.6265,5.41,1.65625,0.658,0.451750000000001
25,7.37,7.97,1.34,0.025,0.021,1.26,100.8,5.4,3.2925,4.1615,7.07375,4.772,2.165,1.021,0.669
28.6,8.03,5.46,2.62,0.025,0.022,1.11,44880.6,5.6,-19.1035,-10.08075,4.84625,2.76725,2.2915,3.64725,3.24575
25.1,7.39,5.92,2.58,0.025,0.044,2.25,19093.6,4.6,4.06525,4.9425,6.80425,3.9745,2.11,1.186,0.822999999999999
25.9,7.9,6.9,1.38,0.103,0.049,2.31,2311.7,6.7,4.09825,5.19825,7.313,5.3055,4.0625,4.30175,3.265
26.5,7.35,6.01,1.62,0.089,0.043,2.2,250.5,22.2,4.69225,5.14325,7.0105,4.82425,2.1045,1.1365,0.905500000000001
26.4,8.01,7.79,0.65,0.025,0.021,1.94,281,12,5.905,6.73,8.58075,5.1955,3.10275,1.6755,1.11175
25.8,7.08,6.29,3.64,0.028,0.051,2.47,204.7,4,3.49875,4.1945,6.12775,4.3705,2.27775,1.186,0.767999999999999
24.7,7.25,5.22,2.05,0.243,0.085,3.27,298.6,72.8,4.4255,5.56125,8.017,6.46325,4.45575,2.58575,1.8405
26.3,7.81,6.84,1.42,0.025,0.045,2.03,262.7,12,4.2385,5.11025,7.4065,4.8655,2.407,1.3455,0.9385
25.9,7.81,6.23,2.45,0.117,0.054,2,9919.9,31,2.6545,4.002,6.75475,3.881,1.802,1.10625,0.765250000000001
24.4,7.64,6.84,3.91,0.04,0.138,4.49,523.7,31.4,2.9955,4.19725,7.20025,5.77575,3.65,1.912,1.34
26.8,7.48,6.36,2.64,0.06,0.048,2.84,13778.1,10.5,-0.189,1.4555,4.662,1.65075,-0.18625,0.385749999999999,0.476499999999999
26.8,7.49,5.22,4.22,0.136,0.082,3.48,13345.7,101.8,0.459999999999999,1.97525,5.278,2.26125,0.212499999999999,0.589249999999999,0.619500000000001
25.6,7.53,6.7,2.29,0.109,0.056,2.93,582.5,17.4,3.749,5.14325,8.03075,5.61625,3.364,1.71675,1.1475
23.9,7.13,7.68,0.99,0.025,0.017,0.75,94.8,7.7,0.0200000000000006,1.0705,3.88925,1.637,1.35925,0.78725,0.52325
27.2,8.26,8.68,1.94,0.025,0.028,1.64,192.4,6.6,1.5875,2.231,4.08175,2.22,1.20525,0.644249999999999,0.52325
25.6,7.07,7.2,1.04,0.025,0.036,2.29,141.2,9.8,4.02125,4.93425,8.1765,5.85,2.1265,0.913749999999999,0.56175
23.9,7.34,8.52,1.08,0.025,0.018,1.29,91.6,4.4,3.03675,3.92225,6.74925,4.2385,2.06875,1.29325,0.9495
26.6,7.9,7.92,1.38,0.025,0.033,1.75,269.7,11.1,5.93525,6.532,8.45975,5.1075,2.33825,1.1475,0.743250000000001
24.9,7.45,6.45,2.18,0.166,0.051,2.15,232.5,20.4,-0.32375,1.52425,6.6365,3.70225,1.14475,1.318,1.1805
25.4,8.06,7.98,1.9,0.353,0.05,1.73,17149,23.5,4.046,5.02775,7.01325,3.7435,1.68375,0.866999999999998,0.627749999999999
26.3,7.6,7.35,1.64,0.025,0.034,1.78,246.2,11.3,4.343,5.35775,8.23425,6.20475,4.8325,1.747,0.966
25.9,7.46,6.49,2.02,0.09,0.044,2,238.4,23.4,5.95725,6.79325,9.35625,8.0555,4.46125,2.11,1.428
25.4,7.35,6.39,1.38,0.154,0.09,2.46,219.2,54.4,6.55675,7.70625,12.57925,11.9,5.42375,1.5765,0.85325
24.2,8.01,9.49,1.72,0.025,0.032,1.57,251.4,2.4,3.46575,4.5465,7.159,5.22025,4.7225,1.61225,0.762499999999999
24.3,7.23,6.05,1.87,0.234,0.048,2.39,249.7,24.2,-0.112,1.81575,7.7365,5.432,1.10075,1.08975,0.800999999999999
25.7,6.98,6.13,2.02,0.284,0.114,1.77,101.2,10.8,3.397,4.34575,7.2305,5.16525,2.81675,1.087,0.611249999999999
27.5,7.87,9.49,2.69,0.025,0.043,1.3,145.1,9.5,1.7855,2.47575,4.32925,2.9515,2.572,1.00725,0.558999999999998
26.8,7.36,6.96,3.96,0.074,0.053,1.26,186,16.3,1.208,2.71225,5.78675,4.0405,2.594,1.55175,1.13925
21.1,7.2,6.7,2.78,0.065,0.065,2.72,10898,29.7,0.20425,2.22,7.0325,3.991,-0.3045,0.330749999999999,0.391249999999999
20.7,7.6,7.34,1.4,0.105,0.068,2.85,337.6,5.1,3.3145,4.7115,7.60175,5.949,3.7105,3.34475,1.86525
20.7,7.72,8.44,0.72,0.025,0.015,2.14,288.9,9.4,5.77575,6.323,8.44875,5.6135,1.90925,0.710249999999998,0.418749999999998
20.9,7.28,7.73,2.73,0.025,0.045,3.08,325,8.4,3.94975,4.93975,7.7695,5.751,2.12925,0.770750000000001,0.459999999999999
19.1,7.13,5.2,2.09,0.086,0.093,3.47,312.8,34.8,3.848,5.5915,8.5725,7.09025,4.62625,3.53725,2.9515
20.1,7.63,7.41,1.66,0.025,0.064,2.12,237.3,5.1,0.0557499999999989,1.824,6.57875,4.981,0.4215,0.391249999999999,0.454499999999999
20.4,7.8,7.62,2.41,0.08,0.078,2.76,7845.6,72.6,1.59025,3.5015,7.91525,5.09925,1.428,0.68,0.487499999999999
18.8,7.32,6.55,4.73,0.039,0.178,5.33,482.3,62.8,0.660749999999999,2.23375,6.45775,5.113,1.66175,0.737750000000001,0.575499999999998
20.1,7.56,6.59,3.37,0.027,0.119,3.94,963.2,65.9,3.43,5.18175,9.37,8.8475,2.82775,0.878000000000001,0.594749999999999
20.3,7.39,7.02,1.71,0.025,0.068,2.71,310.9,17.5,4.299,6.07825,10.0135,8.22875,2.89375,1.109,0.682749999999999
18.6,7.39,9.75,1.04,0.025,0.03,1.22,104.9,4.5,3.474,3.9855,6.1195,3.79025,2.9185,1.032,0.569999999999998
19.4,7.26,7.42,1.6,0.076,0.051,2.29,153.9,12.1,1.04575,2.4785,5.7455,3.38875,1.56,0.594749999999999,0.325249999999999
18,7.17,9.05,1.35,0.048,0.029,1.45,113.2,6,3.5675,4.7555,7.73925,4.6895,2.495,1.0265,0.666249999999999
20.6,7.06,5.94,3.15,0.462,0.052,3.24,404.4,22.1,4.73075,5.355,7.4835,6.246,4.67025,3.749,2.8195
20.6,7.87,8.71,1.63,0.025,0.045,1.96,280.1,8.1,4.6565,5.44025,7.8025,5.1295,1.58475,0.677249999999999,0.465499999999999
20.1,7.52,7.07,4.56,0.365,0.13,7.37,17040.8,36.2,2.28325,3.70775,6.87575,5.19,3.14125,2.6215,1.66175
18.7,7.56,8.42,3.68,0.025,0.056,2.24,256,7.6,3.1055,3.74075,6.22125,3.584,2.24475,1.2685,0.963249999999999
19.7,8.12,8.52,1.96,0.355,0.073,1.99,15479.6,28.2,6.323,7.764,10.80275,7.852,3.078,1.40325,0.919249999999999
20.8,7.83,8.61,6.94,0.27,0.092,6.65,839,35.2,2.61875,3.91675,6.6365,5.0525,2.132,1.21075,0.81475
21,7.47,7.36,2.89,0.337,0.102,2.63,10660.7,21.8,4.8875,5.8555,8.17375,6.257,3.001,1.40875,1.0705
21.2,8.16,9.75,1.4,0.025,0.055,2.08,164.8,37.4,5.27525,5.77575,7.53025,5.57775,3.34475,1.57375,1.131
18.3,7.05,8.77,2.17,0.141,0.09,2.81,157.1,10.5,4.772,5.68775,9.11975,6.85925,5.212,2.74525,1.758
18.1,7.16,9.09,2.61,0.025,0.047,2.65,166.9,11.6,1.88175,2.737,4.8655,3.672,2.19525,0.963249999999999,0.6415
17.7,6.71,8.69,1.94,0.084,0.041,2.75,105.9,18.8,2.6435,4.26325,8.90525,7.291,2.1375,0.897249999999999,0.616749999999999
18.4,7.75,8.97,4.5,0.096,0.066,2.37,218.4,16.2,1.461,2.957,5.949,4.78025,2.85525,0.996249999999999,0.702
18.1,7.97,9.78,3.99,0.051,0.023,1,105.7,10.4,2.6435,3.034,5.04975,3.287,2.5225,1.12825,0.748750000000001
17.9,7.52,7.09,2.98,0.284,0.071,2.47,14929.4,54.7,4.3925,5.509,8.09675,5.432,1.70025,0.704749999999998,0.481999999999999
17.5,7.67,8.42,1.75,0.194,0.073,2.91,442.7,6.5,3.30075,4.39525,7.42025,6.46325,4.8765,4.80225,3.83425
18.3,7.71,9.04,0.86,0.025,0.011,2.26,309.8,41.4,5.5805,6.10025,7.70075,5.34125,2.29975,0.839499999999999,0.487499999999999
17.3,7.39,8.76,3.26,0.196,0.053,3.42,318.3,13.2,4.5685,5.6245,8.6495,7.15625,2.8635,0.924749999999999,0.53975
16.4,7.33,6.96,2.16,0.3,0.101,3.73,268.9,25.1,4.62075,5.575,8.072,7.962,4.29625,2.8085,2.22825
16.5,7.76,7.76,2.07,0.237,0.074,3.1,270.9,15,4.8325,5.80875,8.424,7.1535,2.5995,0.933,0.627749999999999
17.2,7.77,8.47,2.51,0.285,0.08,2.94,9454.6,85.2,4.7555,5.993,9.051,6.62,2.42075,0.955,0.647
16.6,7.39,7.48,4.88,0.171,0.174,5.29,513.2,66,4.05425,5.014,7.65675,6.71625,3.3475,1.23825,0.82025
17.9,7.54,7.76,3.62,0.395,0.085,4.15,10874.2,74.6,5.43475,6.752,10.20875,8.16,2.0605,0.715749999999998,0.520499999999999
17.7,7.63,7.39,3.92,0.502,0.098,4.49,14712.9,57.7,6.257,7.1315,9.821,8.69075,2.638,0.784499999999999,0.509499999999999
17,7.57,8.04,2.09,0.151,0.075,3.4,888.4,27.7,4.3265,5.69325,9.11425,7.90975,2.63525,0.9715,0.638749999999999
15.6,7.44,10.66,0.95,0.046,0.029,1,93.6,22.3,5.00025,6.44125,11.42425,7.48075,2.8525,1.05675,0.644249999999999
17.1,7.6,9.57,1.74,0.045,0.03,1.65,150.4,17.2,3.95525,4.6125,6.939,4.53825,2.121,0.839499999999999,0.473750000000001
15.9,7.44,8.8,1.4,0.153,0.037,2.25,175.1,6.3,2.968,3.6885,5.8445,3.3475,1.879,0.748750000000001,0.4215
16.2,7.42,9.6,1.54,0.036,0.027,1.48,109,3.4,3.804,4.68125,7.291,4.299,2.143,1.05675,0.710249999999998
17,7.3,8.09,3.37,0.727,0.059,3.97,562.7,22.2,4.30175,4.937,6.94175,5.53375,3.83425,4.45025,3.71325
18.3,8.01,9.75,1.18,0.025,0.041,2.14,292.8,9.2,5.67675,6.07275,7.632,5.3715,2.32725,0.872499999999998,0.52875
17.2,7.52,6.93,4.64,0.444,0.116,7.24,20696.1,29.6,3.9635,4.89575,7.55225,6.2405,3.19625,1.9615,1.96425
16.5,7.75,9.74,1.82,0.025,0.055,2.12,241.3,3.4,3.10825,3.57025,5.2175,3.4905,2.814,1.142,0.765250000000001
16,7.66,9.01,2.08,0.187,0.075,2.54,261.3,35,5.2945,5.74825,7.59625,6.0755,3.70775,4.52175,2.36575
17,8.12,9,2.34,0.55,0.082,2.11,17736.6,32.8,6.3945,7.764,10.63225,8.30575,3.3365,1.43075,0.924749999999999
16.2,7.22,8.6,2.89,0.179,0.082,2.02,168.1,31.7,3.68025,4.18075,5.47325,4.409,3.419,3.13025,2.88825
15.5,8.31,10.5,7.68,1.144,0.083,6.55,898.2,28.7,0.767999999999999,2.0275,4.739,3.166,1.02375,0.6635,0.575499999999998
17.1,7.19,8.35,2.53,0.616,0.103,2.75,5402.1,30.7,3.65275,5.07725,8.358,7.60175,3.6665,1.72775,1.37575
17.1,8.22,11.01,1.14,0.025,0.048,1.83,160.3,16.5,2.8195,3.80675,6.50175,3.86725,1.3455,1.96975,1.44725
16,7.94,10.56,2,0.025,0.066,2.21,254.3,8.6,3.716,4.5355,6.87575,5.0305,4.519,1.604,0.878000000000001
15.4,7.61,9.63,2.18,0.498,0.069,3.26,259.4,36.1,0.3665,2.00825,6.356,4.255,1.956,1.12825,0.861499999999998
17.8,7.16,8,2.13,0.246,0.13,2.31,171.2,12.6,3.221,4.2935,6.98575,4.7115,3.0615,1.186,0.702
20.2,8.59,15,3.61,0.066,0.03,1.23,40886.9,18.5,3.023,3.47125,7.412,4.67025,3.33375,1.79925,1.736
19.2,7.02,8.71,2.07,0.163,0.071,2.22,130.6,11.4,4.24125,5.33575,8.34975,6.20475,5.50625,3.848,2.86625
18.8,7.25,9.17,2.17,0.048,0.045,2.5,165.8,11.9,2.1815,2.99,5.2285,3.92225,2.09075,0.79275,0.413249999999998
18.7,7.24,5.78,4.37,0.297,0.094,2.86,444.9,43.9,2.5225,4.55475,8.798,7.5385,3.31175,1.16675,0.82025
18.5,8.01,9.61,2.6,0.114,0.029,1.15,41449.9,8.4,3.75175,4.827,7.82175,5.7125,4.14225,2.33,2.21725
18.8,6.42,8.37,2.61,0.61,0.03,3.9,165,11.1,1.52975,2.6985,7.06825,5.39625,2.91575,2.02475,1.31525
18.9,8.26,10.69,3.61,0.075,0.017,0.93,45899.9,10.1,0.592000000000001,1.68375,3.38325,2.03025,1.26025,1.18325,0.669
19.9,7.65,10.28,1.22,0.054,0.01,1.28,106.6,4,4.03225,4.6235,6.0425,3.81775,3.47125,1.76075,1.043
20.4,7.32,8.78,1.68,0.051,0.026,2.04,158.7,20.4,1.47475,2.253,4.255,2.2035,2.01925,1.065,0.630500000000001
21.3,8,8.41,3.22,0.081,0.017,1.29,27523,23.7,4.07625,6.1745,9.40575,7.00225,4.50525,3.09725,2.583
20.2,7.4,7.57,3.06,0.167,0.048,2.56,12179.8,38.2,6.2075,7.3625,10.4205,8.03075,4.024,1.7085,1.0375
20.4,7.37,8.36,1.31,0.042,0.021,1.38,147.3,11.6,5.57225,6.92525,9.9915,7.4395,5.64925,2,1.054
19.9,7.5,7.02,5.55,0.34,0.126,6.02,17291.4,21.2,4.35125,5.71525,8.80075,7.1975,5.68775,2.473,1.52975
17.1,8.52,9.93,8.96,0.064,0.055,6.06,996.8,48.2,4.2715,5.267,7.56875,6.081,4.6015,2.04125,1.384
18.2,7.12,5.45,20.37,0.909,0.162,2.93,13728,64.9,3.3255,5.2065,8.27,6.28175,3.716,2.2365,1.637
20,7.95,9.61,1.28,0.025,0.022,1.84,170.4,18.4,6.2735,7.0985,9.00975,7.28825,4.4145,2.82225,1.81025
19.3,7.94,10.2,2.4,0.112,0.053,2.38,262.9,30.1,4.1175,5.80325,9.8155,7.7365,6.367,2.90475,1.74975
20.6,8.42,7.86,8.35,0.049,0.048,4.72,1114.8,46.4,4.277,5.608,7.9675,6.7025,5.28625,2.65725,1.791
21.2,6.55,6.52,3.94,0.966,0.156,3.28,16668.1,29.8,4.574,6.32025,9.46075,7.5385,5.4265,3.5125,2.748
24.3,7.95,5.77,3.63,0.765,0.06,1.42,41984.6,11.9,-0.90125,-2.114,5.53375,0.292249999999999,1.48575,3.79575,3.2265
24.1,6.81,4.83,4.14,0.136,0.072,3.26,471.5,41.4,7.06275,8.7485,12.87075,11.62225,8.32775,7.1095,4.8545
21.9,7.13,6.07,2.23,0.025,0.065,2.82,172.3,14.2,7.52475,9.46625,13.71775,12.40875,9.018,4.41725,2.92675
23.1,7.17,5.83,3.22,0.025,0.065,3.35,374.7,52.8,8.4295,9.623,12.0925,10.7065,6.994,3.24575,2.0055
24,7.19,4.74,4.14,0.025,0.087,4.02,464.9,44.9,5.33575,7.8025,13.044,11.592,7.37625,4.1505,2.77825
22.4,7.26,5.52,4.19,0.025,0.075,2.95,315.7,28,5.67125,7.6485,12.1255,11.185,7.38725,2.9735,1.74975
23.8,6.81,4.89,2.16,0.05,0.053,2.66,140.5,30.5,7.126,8.7045,13.55,11.29225,7.00775,2.93225,1.8405
21,7.31,6.78,1.87,0.025,0.055,2.42,188.3,20.5,5.23675,6.35325,9.92,8.5285,6.477,2.396,1.33725
25,7.47,5.99,3.08,0.025,0.09,2.94,623.2,69,5.64925,7.401,12.60125,10.48375,7.68425,6.24325,4.871
26.4,7.35,6.97,2.41,0.105,0.068,2.3,812.9,26.6,5.96825,7.24425,10.31325,8.16825,5.91875,3.21275,2.2585
30.1,8.93,7.22,6.22,0.03,0.025,1.14,130.8,15.8,3.8755,4.3595,7.83825,4.86,4.67575,1.59025,0.900000000000001
30.5,6.97,3.77,3.76,0.116,0.072,2.67,5097.9,50.6,6.2405,7.74475,11.19325,9.051,6.13875,4.37875,3.3365
30,7.88,7.39,1.14,0.025,0.026,1.91,257.1,6.1,3.661,4.45575,6.68875,3.617,2.88,1.13375,0.765250000000001
31,6.79,3.26,3.7,0.034,0.063,2.7,272.6,4.2,0.3555,1.87625,6.29825,4.49425,2.35475,1.18325,0.999
29.8,7.27,6.5,2.8,0.025,0.056,2.03,191.2,10,5.06075,6.35325,9.22975,7.412,6.08375,2.286,1.32075
29.8,7.42,5.96,2.6,0.025,0.071,2.66,725.4,44.4,3.65,5.0855,8.84475,6.4275,4.651,1.736,1.01275
31.2,7.19,4.57,3.33,0.025,0.058,2.84,550.6,73.7,8.00325,9.32875,12.604,11.163,6.7465,4.068,2.89925
30.8,7.09,5.34,4.02,0.025,0.093,3.65,1931.3,40.8,8.556,9.623,12.51875,10.67075,6.26525,3.27875,2.22275
29.2,7.63,7.72,1.29,0.025,0.038,2.12,245.4,7,7.90425,7.83825,8.424,5.8115,4.69225,1.538,0.84775
30.8,8.61,7.47,1.92,0.028,0.061,1.97,198.3,34.8,2.4455,4.00475,7.7035,4.79125,5.09925,2.176,1.29875
30.6,7.78,6.44,1.5,0.193,0.071,2.56,8820.6,29.1,5.75925,6.90325,9.95025,7.214,3.93325,1.32075,0.776250000000001
28.9,6.56,6.8,1.58,0.025,0.04,1.69,136.1,11.8,3.958,5.201,8.57525,5.3385,3.8755,2.40975,1.81575
30.8,7.35,6.75,2.3,0.025,0.041,1.88,124.6,8.5,0.146499999999999,-0.00475,1.879,-0.54925,-0.519,0.671749999999999,0.765250000000001
31.6,8.59,6.49,4.8,0.78,0.052,1.72,30509.2,7.3,-4.92175,-2.58425,1.5435,-2.7905,-0.101,3.32825,3.353
29.9,7.6,6.12,1.38,0.035,0.039,1.47,192.7,25.6,3.97725,4.761,7.51925,4.42825,2.79475,0.9495,0.492999999999999
28.8,7.76,7.68,0.96,0.025,0.032,1.93,268.3,18.9,3.837,5.29725,9.161,6.29275,5.86375,3.749,1.9945
28.3,6.81,4.18,5.12,0.559,0.297,2.72,119.6,48.7,7.016,8.5175,14.57025,14.63625,8.36075,5.63,3.88925
29,6.71,5.22,5.66,0.731,0.294,2.74,180.3,56.5,1.29325,4.3925,12.89825,13.1375,7.29375,5.51175,4.45025
28.7,6.47,4.38,6.7,0.724,0.217,2.14,292.6,23,2.75625,3.683,6.99675,6.4,2.3355,0.916500000000001,0.558999999999998
29.4,6.94,5.63,2.11,0.296,0.078,2.61,196.4,24.6,0.396749999999998,1.85425,6.32575,4.233,0.105249999999998,0.179499999999999,0.319749999999999
30,6.91,5.13,2.09,0.038,0.068,2.66,115.2,27.6,3.4355,4.7775,8.98225,7.28,2.01375,0.999,0.7185
31,8.11,5.87,2.71,0.202,0.03,1,38037.1,5.9,5.17075,7.09025,11.14375,8.985,6.763,5.8335,3.68025
30.5,8.78,7.62,4.7,0.194,0.058,1.45,23747,11.6,1.142,2.11825,4.585,3.38325,2.87175,4.3595,2.71225
29.6,6.83,3.23,3.5,0.025,0.096,1.99,336.9,87.2,2.033,4.7115,12.4225,12.50775,5.39075,3.892,3.1825
29.9,7.23,3.75,2.56,0.025,0.046,1.95,298.8,113.5,3.122,5.7565,13.30525,13.6985,5.68225,3.00375,2.473
28.6,7.4,6.55,1.87,0.025,0.059,1.9,198,52.9,0.883500000000001,2.42625,7.72,4.84625,1.31525,1.2575,1.076
30.4,6.61,6.77,2.26,0.025,0.071,1.86,132.1,60.6,3.19625,4.6015,8.94925,6.2185,1.6425,0.702,0.470999999999999
32.5,8.24,6.87,7.04,0.077,0.107,2.12,508.9,33.6,0.328000000000001,1.08425,2.693,1.80475,1.46375,1.29875,1.03475
30,7.04,5.33,2.21,0.106,0.082,2.01,4061.8,14.2,4.43925,5.57225,8.49825,5.79775,2.51425,1.9395,1.758
31.1,7.31,7.49,2.4,0.025,0.063,1.74,112.1,10.5,0.165750000000001,0.795499999999999,2.4785,1.373,1.55725,1.57375,1.39775
30.4,7.75,7.84,0.87,0.025,0.03,1.46,178.9,8.9,5.982,6.52925,9.238,5.41,3.2375,1.29875,0.740499999999999
31.3,8.09,6.8,2.59,0.17,0.025,0.97,22851.8,9,3.364,3.991,7.192,4.90125,4.01575,2.75625,2.55825
30.9,7,3.8,3.46,0.066,0.1,2.74,538.8,127.9,5.5695,7.2965,11.95225,11.5315,5.30275,3.606,2.88275
29.4,7.35,3.4,5.05,0.322,0.173,2.27,164.7,30.4,-11.552,-8.7085,5.11575,1.66725,-0.761,2.33,2.44825
30.8,7.15,4.6,1.73,0.047,0.055,2,212.2,17.9,3.98825,5.68775,10.07675,7.2745,4.739,3.694,2.82775
30.7,7.48,5.3,1.26,0.172,0.081,2.5,282.6,91.5,6.49625,8.06925,11.6855,9.83475,6.4495,5.366,4.101
31.2,7.36,4.57,3.99,0.025,0.106,3.25,334.7,111.1,5.9875,7.38725,11.592,10.14,5.11575,3.397,2.65175
31.1,7.19,3.71,2.32,0.025,0.081,2.43,246.2,43.1,0.3665,2.176,6.4055,4.52725,1.901,1.95325,1.648
31.3,6.86,3.35,2.38,0.068,0.068,1.54,169.7,19.7,5.762,6.18,8.58625,5.97375,3.12475,2.2035,1.65625
30.4,7.1,1.87,4.59,1.427,0.183,4.59,4450.3,17,5.58875,7.3405,11.53975,9.304,6.80975,5.927,4.7775
30.6,7.54,5.08,2.65,0.041,0.105,2.92,1622.5,72,6.19925,7.8465,12.40875,12.703,5.4155,2.24475,1.67825
32.5,6.71,7.64,3.19,0.025,0.14,1.41,102.7,23,3.859,4.409,6.83175,5.31925,4.12025,2.319,1.65625
33.3,7.92,6.35,1.03,0.025,0.033,1.88,264.2,10.3,-6.3105,-2.9335,5.0635,1.92575,0.149250000000001,1.67825,1.604
31.8,7.18,4.04,2.85,0.025,0.07,1.82,200.6,29.6,4.75275,5.4375,8.26175,7.54125,2.5445,1.07325,0.83675
32.8,7.26,4.75,4.66,0.025,0.109,3.42,561.6,169.1,2.4455,4.59325,9.63125,7.819,3.9855,3.57025,2.825
32.3,7.2,3.91,4.55,0.025,0.116,4,751.4,112,3.96625,5.5475,10.05475,8.64125,3.375,2.407,1.87625
32.8,7.14,4.31,5.86,0.025,0.176,4.81,238.1,206.9,3.4905,5.4155,8.6495,6.9555,5.01125,4.82975,3.20725
32.6,7.27,4.55,1.86,0.025,0.064,2.1,226.7,20.9,5.17625,6.6255,9.9695,8.11325,4.948,4.321,3.331
31.4,6.99,4.2,2.42,0.032,0.055,2.34,165,25.4,-19.5765,-17.5635,-5.92275,-7.405,2.5335,2.088,2.03025
32.6,7.59,6.84,1.95,0.025,0.041,1.94,243.8,13.5,1.28225,2.31075,5.52825,3.342,0.54525,0.9825,0.919249999999999
31.3,7.3,3.96,4.43,0.349,0.168,5.12,12102,44.6,3.54,4.992,8.5065,7.731,3.7215,2.17325,1.56825
32.3,7.3,6.07,2.11,0.061,0.06,1.86,185.3,39.1,-9.902,-6.36825,3.166,-0.14225,-1.14875,0.927500000000001,1.05125
32,7.71,5.5,1.82,0.079,0.083,2.85,5448.2,49.6,-3.86025,1.14475,11.27575,7.5055,2.68475,3.474,3.078
31.9,6.73,6.63,1.97,0.025,0.051,1.6,143.1,32.5,2.0715,2.968,5.465,3.32825,2.748,1.747,1.19425
30.3,7.58,6.08,1.59,0.107,0.049,1.48,164.7,46.4,4.76375,5.81425,9.84025,8.644,5.57225,1.5545,0.735
31,6.83,2.66,3.69,0.096,0.087,2.51,475.8,76.8,-2.5045,1.24925,8.48725,5.94075,3.0615,3.62525,2.847
31.9,7.26,4.33,1.68,0.025,0.059,1.74,228,9.9,-0.3705,1.54075,5.99025,3.8315,2.2475,1.93125,1.54625
31.8,7.65,5.17,2.11,0.042,0.078,2.65,327.9,149.3,5.245,6.67225,9.9805,7.203,4.26325,3.7655,2.869
32,7.29,4.93,4.19,0.025,0.097,3.08,346.8,108.2,7.63475,8.92175,12.52975,10.8055,8.0665,5.707,4.60425
30.6,6.96,3.78,2.78,0.17,0.062,2.59,180.9,13,1.0045,1.89,4.96725,3.12475,0.9385,0.6415,0.56175
31.9,7.24,6.81,1.79,0.025,0.04,1.46,119.6,20.9,3.0395,3.65,6.16075,4.112,1.81575,1.11725,0.756999999999999
29.8,7.67,7.35,5.1,0.052,0.021,1.01,105.5,12.3,3.034,3.42175,6.09475,3.782,3.771,1.31525,0.767999999999999
